unix,date,symbol,open,high,low,close,Volume BNB,Volume USDT,tradecount
1.6473E+12,2022/3/15 0:00,BNB/USDT,373.28,374.71,371.5,372.3,26715.72,9969405.767,13445
1.64722E+12,2022/3/14 0:00,BNB/USDT,361.06,374,359.05,373.27,810016.97,297648061.5,488614
1.64713E+12,2022/3/13 0:00,BNB/USDT,372.13,376.99,359.53,361.06,716405.55,264958763,510578
1.64704E+12,2022/3/12 0:00,BNB/USDT,371.79,379.13,370.65,372.13,562882.47,211422116.7,479674
1.64696E+12,2022/3/11 0:00,BNB/USDT,371.75,379.81,364.44,371.8,921756.69,343069533.4,643698
1.64687E+12,2022/3/10 0:00,BNB/USDT,392.96,394.36,362.76,371.77,1230312.39,461084617.8,803795
1.64678E+12,2022/3/9 0:00,BNB/USDT,381.02,402.45,380.71,392.96,1598742.55,630177574.4,871614
1.6467E+12,2022/3/8 0:00,BNB/USDT,380.12,388.8,376.59,380.99,1340264.2,512811342.9,713882
1.64661E+12,2022/3/7 0:00,BNB/USDT,374.68,385.62,362.36,380.13,1604861.57,602333649.3,909833
1.64652E+12,2022/3/6 0:00,BNB/USDT,384.41,387,372.16,374.64,813431.18,308621930.4,584555
1.64644E+12,2022/3/5 0:00,BNB/USDT,374.05,387.22,366.62,384.38,865309.88,326382281.5,627219
1.64635E+12,2022/3/4 0:00,BNB/USDT,402.24,403.27,371.5,374.05,1197130.93,465715350.5,783188
1.64627E+12,2022/3/3 0:00,BNB/USDT,408.95,412.76,397.11,402.25,962575.97,389953761.3,726505
1.64618E+12,2022/3/2 0:00,BNB/USDT,408.61,415.46,403.41,408.95,1153475.22,472652549.4,841250
1.64609E+12,2022/3/1 0:00,BNB/USDT,395.47,429.36,390.97,408.56,2327829.24,947724585.8,1251209
1.64601E+12,2022/2/28 0:00,BNB/USDT,359.97,397.37,355.52,395.5,1485043.23,555718426.1,869567
1.64592E+12,2022/2/27 0:00,BNB/USDT,373.46,381.17,357.87,359.98,1137035.75,419421651.6,764511
1.64583E+12,2022/2/26 0:00,BNB/USDT,374.7,392.79,370.05,373.44,910065.37,342691638.7,627009
1.64575E+12,2022/2/25 0:00,BNB/USDT,360.81,377.18,356.41,374.67,1258672.16,460204421.1,764522
1.64566E+12,2022/2/24 0:00,BNB/USDT,365.41,370.77,323.02,360.8,3108326.69,1069943747,1487455
1.64557E+12,2022/2/23 0:00,BNB/USDT,373.99,384.21,365.02,365.41,1184214.06,445382538.2,723171
1.64549E+12,2022/2/22 0:00,BNB/USDT,356.34,375.35,347.87,373.94,1624665.92,588030967,845346
1.6454E+12,2022/2/21 0:00,BNB/USDT,380.31,393.41,354.64,356.35,2066878.13,776896993.4,1027131
1.64532E+12,2022/2/20 0:00,BNB/USDT,399.49,399.77,374.61,380.31,1228339.57,470299411.8,721906
1.64523E+12,2022/2/19 0:00,BNB/USDT,398.89,406.34,392.57,399.43,782602.83,312916650.5,516757
1.64514E+12,2022/2/18 0:00,BNB/USDT,402.02,410.96,391.85,398.89,1103745.27,442706677.2,673256
1.64506E+12,2022/2/17 0:00,BNB/USDT,426.98,430.86,399.52,401.98,1194826.95,497142924.4,743407
1.64497E+12,2022/2/16 0:00,BNB/USDT,432.09,433.5,421.91,426.98,1068550.6,457961000.7,716621
1.64488E+12,2022/2/15 0:00,BNB/USDT,403.29,443.3,402.67,432.08,1891608.21,806624525.2,1040704
1.6448E+12,2022/2/14 0:00,BNB/USDT,397.83,404.42,390.31,403.29,876802.26,348625546.7,551262
1.64471E+12,2022/2/13 0:00,BNB/USDT,403.48,407.66,394.38,397.82,735432.63,295439446.6,503509
1.64462E+12,2022/2/12 0:00,BNB/USDT,399.81,406.99,393.09,403.46,883203.51,353613593.6,617873
1.64454E+12,2022/2/11 0:00,BNB/USDT,414.37,418.6,392.5,399.81,1228674.22,502188865.9,815993
1.64445E+12,2022/2/10 0:00,BNB/USDT,422.56,435.13,409.59,414.36,1689843.5,713706574,939684
1.64436E+12,2022/2/9 0:00,BNB/USDT,407.96,427.49,407.22,422.57,1164173.38,486652732.5,680185
1.64428E+12,2022/2/8 0:00,BNB/USDT,433.14,445.48,406.26,407.94,1455518.29,615675365.1,835786
1.64419E+12,2022/2/7 0:00,BNB/USDT,419.67,438.58,412.79,433.15,1172317.29,503194999.3,691254
1.64411E+12,2022/2/6 0:00,BNB/USDT,413.37,421.57,406.28,419.64,964364.54,400023720.9,550859
1.64402E+12,2022/2/5 0:00,BNB/USDT,399.33,430.37,396.14,413.37,1835500.32,764993398.8,848023
1.64393E+12,2022/2/4 0:00,BNB/USDT,372.07,399.42,369.09,399.33,1407258.11,539683227.8,703628
1.64385E+12,2022/2/3 0:00,BNB/USDT,367.01,372.35,359.15,372.08,959358.35,350509524,591893
1.64376E+12,2022/2/2 0:00,BNB/USDT,383.93,385.97,366,366.94,1042518.69,392409862.6,611361
1.64367E+12,2022/2/1 0:00,BNB/USDT,374.4,388.55,373.6,383.93,1093014.2,418471603.4,679563
1.64359E+12,2022/1/31 0:00,BNB/USDT,376.84,385.1,364.77,374.38,1151928.43,432274404.8,714879
1.6435E+12,2022/1/30 0:00,BNB/USDT,389.04,389.27,372.13,376.84,981385,374116904.4,635624
1.64341E+12,2022/1/29 0:00,BNB/USDT,385.83,397.34,380.53,389.04,1114435.13,432614537.7,721743
1.64333E+12,2022/1/28 0:00,BNB/USDT,389.37,396.39,375.26,385.84,1690112.66,652107029.3,963796
1.64324E+12,2022/1/27 0:00,BNB/USDT,374.78,392.88,359.28,389.36,1635176.05,610373096.7,929843
1.64316E+12,2022/1/26 0:00,BNB/USDT,384.8,402.42,366,374.75,1779097.73,685222514.4,981445
1.64307E+12,2022/1/25 0:00,BNB/USDT,370.94,387.9,357.32,384.8,1481220.47,551247870.8,839918
1.64298E+12,2022/1/24 0:00,BNB/USDT,383.86,383.9,336,370.93,2416219.8,860098112.4,1363207
1.6429E+12,2022/1/23 0:00,BNB/USDT,358.33,388.97,356.18,383.87,1910787.44,717086344.7,1088627
1.64281E+12,2022/1/22 0:00,BNB/USDT,383.62,388.98,335.68,358.34,3012172.61,1086900761,1568680
1.64272E+12,2022/1/21 0:00,BNB/USDT,440.07,444.57,373.11,383.57,2443646.22,1009568354,1405698
1.64264E+12,2022/1/20 0:00,BNB/USDT,461.53,478.34,438.1,440.05,1851504.99,860227155.7,1039399
1.64255E+12,2022/1/19 0:00,BNB/USDT,470.54,472.59,453.3,461.54,1096429.8,509361738.5,599893
1.64246E+12,2022/1/18 0:00,BNB/USDT,474.69,479,456.8,470.53,1175521.67,548367911.6,655915
1.64238E+12,2022/1/17 0:00,BNB/USDT,497.94,498.2,466.47,474.69,1286243.88,615730353.3,803616
1.64229E+12,2022/1/16 0:00,BNB/USDT,493.75,504.87,488.02,497.95,826029.49,409730380,577326
1.6422E+12,2022/1/15 0:00,BNB/USDT,489.5,500.27,484.01,493.75,830556.69,409461167.3,585258
1.64212E+12,2022/1/14 0:00,BNB/USDT,474.29,492.28,466.39,489.51,1175474.83,564250422,723468
1.64203E+12,2022/1/13 0:00,BNB/USDT,487.47,488.5,465.86,474.36,1247882.49,596300109.2,755670
1.64195E+12,2022/1/12 0:00,BNB/USDT,462.89,488.41,456.26,487.5,1262509.7,597206894.6,756385
1.64186E+12,2022/1/11 0:00,BNB/USDT,424.51,467.4,421.22,462.87,1769764.64,797268995.5,1041229
1.64177E+12,2022/1/10 0:00,BNB/USDT,438.31,445.21,406.46,424.54,1611421.86,682635903.6,820184
1.64169E+12,2022/1/9 0:00,BNB/USDT,429.6,444.14,426.72,438.33,850190.24,369560684.4,524889
1.6416E+12,2022/1/8 0:00,BNB/USDT,448.1,459.65,415.46,429.59,1252328.01,547408923.3,751167
1.64151E+12,2022/1/7 0:00,BNB/USDT,472.47,473.76,437.08,448.1,1506628.68,678793229.9,856101
1.64143E+12,2022/1/6 0:00,BNB/USDT,474,480.96,458.65,472.46,1298011.04,608913792.9,714771
1.64134E+12,2022/1/5 0:00,BNB/USDT,506.88,515.92,456.2,473.95,1450747.64,717300047.3,824190
1.64125E+12,2022/1/4 0:00,BNB/USDT,512.24,519.85,502,506.88,1042411.2,533189808.1,706472
1.64117E+12,2022/1/3 0:00,BNB/USDT,530.92,533,510.41,512.24,795766.94,415267551.5,585878
1.64108E+12,2022/1/2 0:00,BNB/USDT,527.36,533.9,518.01,530.91,572079.85,300965349.6,474929
1.641E+12,2022/1/1 0:00,BNB/USDT,511.55,528.16,511.43,527.34,603346.1,313448234.2,468560
1.64091E+12,2021/12/31 0:00,BNB/USDT,518.4,528,506.01,511.56,898734.52,464024529.6,645189
1.64082E+12,2021/12/30 0:00,BNB/USDT,514.49,527.59,508,518.41,724739.45,376085142.5,544138
1.64074E+12,2021/12/29 0:00,BNB/USDT,534.12,540.55,510.09,514.49,776927.14,409872878.2,625974
1.64065E+12,2021/12/28 0:00,BNB/USDT,563.79,563.98,528.31,534.13,1282144.16,701143879.3,876503
1.64056E+12,2021/12/27 0:00,BNB/USDT,546.5,571.99,543.2,563.79,973552.41,543570069.9,705674
1.64048E+12,2021/12/26 0:00,BNB/USDT,547.5,549,536,546.43,618507.66,336133901,479520
1.64039E+12,2021/12/25 0:00,BNB/USDT,542.21,550.95,539.29,547.5,529846.08,289164731.9,447547
1.6403E+12,2021/12/24 0:00,BNB/USDT,548.94,554.46,537.08,542.2,819032.07,447545463.7,620663
1.64022E+12,2021/12/23 0:00,BNB/USDT,533.75,552.46,524.33,548.92,938808.37,504218564.9,707431
1.64013E+12,2021/12/22 0:00,BNB/USDT,528.51,545.49,527.25,533.74,854668.14,458109670.1,701036
1.64004E+12,2021/12/21 0:00,BNB/USDT,523.96,536.01,517.17,528.46,784766.17,414496678.4,620499
1.63996E+12,2021/12/20 0:00,BNB/USDT,529.72,534.93,506,523.96,892049.82,462766022.2,761003
1.63987E+12,2021/12/19 0:00,BNB/USDT,533.68,544.82,527.42,529.71,687353.33,368001699.4,593670
1.63979E+12,2021/12/18 0:00,BNB/USDT,525.51,537.87,516.58,533.68,748482.54,395589074.8,658349
1.6397E+12,2021/12/17 0:00,BNB/USDT,526.01,536.04,510.81,525.5,1196478.07,628868708.9,884611
1.63961E+12,2021/12/16 0:00,BNB/USDT,541.21,545.34,524.65,526,948522.62,509000515.1,715853
1.63953E+12,2021/12/15 0:00,BNB/USDT,527.83,546.54,501.5,541.18,1551135.35,817012417.9,1125241
1.63944E+12,2021/12/14 0:00,BNB/USDT,520.77,534.9,509.78,527.86,1556236.83,813821402.7,1160122
1.63935E+12,2021/12/13 0:00,BNB/USDT,569.59,571.65,510.55,520.75,1397026.25,751560587.9,995388
1.63927E+12,2021/12/12 0:00,BNB/USDT,564.11,574.41,558.51,569.58,718484.56,406373122.6,684300
1.63918E+12,2021/12/11 0:00,BNB/USDT,551.85,572.51,541.41,564.12,1100350.28,612271733.4,921007
1.63909E+12,2021/12/10 0:00,BNB/USDT,569.27,593.94,550,551.94,1399292.18,801979128.6,1040522
1.63901E+12,2021/12/9 0:00,BNB/USDT,607.05,616.68,567.29,569.26,1407982.36,832234952,1013967
1.63892E+12,2021/12/8 0:00,BNB/USDT,578.34,607.23,566.42,607.05,1363455.72,796766810.6,1047599
1.63884E+12,2021/12/7 0:00,BNB/USDT,586.77,592.59,571.45,578.34,1243614.83,726054542.4,1074086
1.63875E+12,2021/12/6 0:00,BNB/USDT,557.64,592.69,533.22,586.8,2328610.59,1298647783,1633389
1.63866E+12,2021/12/5 0:00,BNB/USDT,568.07,581.63,541.1,557.65,1433343.11,805246947.1,1058889
1.63858E+12,2021/12/4 0:00,BNB/USDT,595.18,596.29,484.18,568.07,3061320.83,1668132596,1763829
1.63849E+12,2021/12/3 0:00,BNB/USDT,620.37,628.29,570.77,595.17,1708149.77,1034168950,1102829
1.6384E+12,2021/12/2 0:00,BNB/USDT,627.45,630.95,605.5,620.37,1365181.55,847433918.5,932294
1.63832E+12,2021/12/1 0:00,BNB/USDT,622.65,650.75,619.23,627.45,1794699.14,1141581459,1085015
1.63823E+12,2021/11/30 0:00,BNB/USDT,624.25,635.4,603.76,622.59,1794704.69,1115552459,1231396
1.63814E+12,2021/11/29 0:00,BNB/USDT,611.45,629.71,602.25,624.25,1384038.91,853791124.4,960332
1.63806E+12,2021/11/28 0:00,BNB/USDT,600.18,612.99,571.8,611.52,1819230.49,1076056017,1189128
1.63797E+12,2021/11/27 0:00,BNB/USDT,587.65,621.16,583.9,600.19,1641391.03,989638267.9,1038649
1.63788E+12,2021/11/26 0:00,BNB/USDT,639.35,658.94,564.49,587.71,3394718.12,2034537738,1780936
1.6378E+12,2021/11/25 0:00,BNB/USDT,590.56,647.49,587.67,639.3,1874586.4,1169302527,1206246
1.63771E+12,2021/11/24 0:00,BNB/USDT,591.59,594.95,577.31,590.56,1336008.74,783531278.6,870099
1.63763E+12,2021/11/23 0:00,BNB/USDT,559.78,605.7,558.16,591.6,1587689.7,927092256.5,1029935
1.63754E+12,2021/11/22 0:00,BNB/USDT,584.25,585.54,554.21,559.79,1335413.88,761127947.2,979963
1.63745E+12,2021/11/21 0:00,BNB/USDT,604.62,605.43,580.27,584.2,931950.31,550152966.1,769254
1.63737E+12,2021/11/20 0:00,BNB/USDT,580.98,604.94,573.3,604.66,1250267.69,734588584.6,857344
1.63728E+12,2021/11/19 0:00,BNB/USDT,532.2,585.72,524.2,580.98,1702090.28,951864949.2,1113908
1.63719E+12,2021/11/18 0:00,BNB/USDT,578.4,588.47,516.36,532.13,2058960.15,1135516860,1261679
1.63711E+12,2021/11/17 0:00,BNB/USDT,588.73,592.87,554,578.41,1792588.04,1027672524,1159818
1.63702E+12,2021/11/16 0:00,BNB/USDT,633.45,634.5,568,588.76,2893976.59,1731510609,1704547
1.63693E+12,2021/11/15 0:00,BNB/USDT,650.28,659.28,630,633.44,1028971.65,663841318.8,765868
1.63685E+12,2021/11/14 0:00,BNB/USDT,648.49,659.98,634,650.2,1150491.68,745587838,862309
1.63676E+12,2021/11/13 0:00,BNB/USDT,626.27,654.5,618.67,648.49,1098843.62,701866200.7,835862
1.63668E+12,2021/11/12 0:00,BNB/USDT,628.17,634.36,602.29,626.27,1311896.73,812453681.9,930854
1.63659E+12,2021/11/11 0:00,BNB/USDT,613.61,635,605.31,628.21,1174451.1,731407891.4,895815
1.6365E+12,2021/11/10 0:00,BNB/USDT,635.21,662.8,570,613.61,2613868.15,1642697291,1580998
1.63642E+12,2021/11/9 0:00,BNB/USDT,653.54,656.93,632.66,635.2,1104634.36,711490969.2,848657
1.63633E+12,2021/11/8 0:00,BNB/USDT,649.56,655.87,632.32,653.56,1716134.79,1104571139,1140697
1.63624E+12,2021/11/7 0:00,BNB/USDT,637.55,669.75,630,649.57,2480815.87,1628394564,1570706
1.63616E+12,2021/11/6 0:00,BNB/USDT,606.43,638,595.22,637.56,2076726.48,1274224431,1357001
1.63607E+12,2021/11/5 0:00,BNB/USDT,558.87,618.32,554.51,606.43,2855138.92,1707542583,1689848
1.63598E+12,2021/11/4 0:00,BNB/USDT,568.48,568.82,543.97,558.86,1128249.32,626348271.3,809651
1.6359E+12,2021/11/3 0:00,BNB/USDT,554.63,570,537.62,568.48,1446943.7,799768280.1,952345
1.63581E+12,2021/11/2 0:00,BNB/USDT,551.11,564.28,537.2,554.59,1246273.32,687216073.8,892337
1.63572E+12,2021/11/1 0:00,BNB/USDT,524.44,551.8,511,551.12,1733053.9,923536484.1,1115886
1.63564E+12,2021/10/31 0:00,BNB/USDT,528.96,535.39,508.07,524.42,1276264.15,666142963.4,896097
1.63555E+12,2021/10/30 0:00,BNB/USDT,530.73,541.61,510.45,528.95,1516125.34,797657532.5,1042129
1.63547E+12,2021/10/29 0:00,BNB/USDT,492.09,534.3,487.32,530.72,2235759.06,1141866446,1320361
1.63538E+12,2021/10/28 0:00,BNB/USDT,448.65,495.05,446.5,492.08,2095795.42,999405759.6,1123237
1.63529E+12,2021/10/27 0:00,BNB/USDT,478.5,486.89,429.9,448.65,2213199.66,1015080174,1144979
1.63521E+12,2021/10/26 0:00,BNB/USDT,485.41,490.7,473.57,478.48,977459.18,473312299.8,655584
1.63512E+12,2021/10/25 0:00,BNB/USDT,476.29,489.03,475.32,485.4,833991.56,403735337.8,598632
1.63503E+12,2021/10/24 0:00,BNB/USDT,486.2,487,468.19,476.29,862521.13,411646222.2,625620
1.63495E+12,2021/10/23 0:00,BNB/USDT,479.77,486.27,473.14,486.17,870750.58,418885462.8,616902
1.63486E+12,2021/10/22 0:00,BNB/USDT,471.31,498.51,471.24,479.79,2057825.78,998464854.4,1132916
1.63477E+12,2021/10/21 0:00,BNB/USDT,500.77,505.46,464.62,471.35,3216610.62,1565062776,1577975
1.63469E+12,2021/10/20 0:00,BNB/USDT,486.99,506.66,480,500.76,1581775.06,783096885.9,911246
1.6346E+12,2021/10/19 0:00,BNB/USDT,484.6,497.5,478.21,487.01,1697627.88,828320571.7,970291
1.63452E+12,2021/10/18 0:00,BNB/USDT,470.74,487.67,465.55,484.64,2036957.1,969124188.6,1097997
1.63443E+12,2021/10/17 0:00,BNB/USDT,465.02,471.23,451.84,470.82,1335988.84,620943063.8,818144
1.63434E+12,2021/10/16 0:00,BNB/USDT,474.18,485,455,465.01,1725462.12,815090711.9,965587
1.63426E+12,2021/10/15 0:00,BNB/USDT,472.04,477.4,451.48,474.19,2472831.89,1152086775,1189131
1.63417E+12,2021/10/14 0:00,BNB/USDT,470.17,482.27,460.11,472.05,2477903.86,1171119424,1193870
1.63408E+12,2021/10/13 0:00,BNB/USDT,444.73,471.77,433,470.18,7057279.47,3214234566,2647639
1.634E+12,2021/10/12 0:00,BNB/USDT,413.36,445,392.14,444.72,4640823.04,1964065617,1712761
1.63391E+12,2021/10/11 0:00,BNB/USDT,404.11,424.46,399.74,413.36,1406226.85,582833751.7,803895
1.63382E+12,2021/10/10 0:00,BNB/USDT,422.31,422.58,401.33,404.1,1370097.95,568834845.1,781494
1.63374E+12,2021/10/9 0:00,BNB/USDT,419.38,426.15,416.17,422.31,961338.35,406005254.1,633534
1.63365E+12,2021/10/8 0:00,BNB/USDT,438.26,441.63,416.01,419.38,2130795.2,911875641.4,1098976
1.63356E+12,2021/10/7 0:00,BNB/USDT,434.6,450.67,422.84,438.26,1996101.31,878429641.7,1028867
1.63348E+12,2021/10/6 0:00,BNB/USDT,441.87,442.46,414.5,434.59,2148062.1,926982883.6,1088848
1.63339E+12,2021/10/5 0:00,BNB/USDT,426.19,444.16,423.63,441.86,1693731.82,738030816.6,937112
1.63331E+12,2021/10/4 0:00,BNB/USDT,430.11,430.38,410.31,426.22,1752180.91,736840252,977631
1.63322E+12,2021/10/3 0:00,BNB/USDT,426.64,436.99,421.26,430.1,1496837.32,641907191.8,868423
1.63313E+12,2021/10/2 0:00,BNB/USDT,421.25,438.14,410.53,426.63,1849131.26,786504065.3,953088
1.63305E+12,2021/10/1 0:00,BNB/USDT,386.9,422.99,380.88,421.19,2740779.91,1111445766,1200586
1.63296E+12,2021/9/30 0:00,BNB/USDT,366.68,388.53,365.2,386.87,2342233.68,883863371.8,1060595
1.63287E+12,2021/9/29 0:00,BNB/USDT,332.86,374.98,331.16,366.68,3193601.65,1155275654,1304192
1.63279E+12,2021/9/28 0:00,BNB/USDT,334.99,344.46,329.49,332.87,1480506.68,498668828,780006
1.6327E+12,2021/9/27 0:00,BNB/USDT,343.91,357.69,334.63,335.03,1573105.43,546136926.8,761085
1.63261E+12,2021/9/26 0:00,BNB/USDT,349.38,352.54,319.05,343.93,2648997.24,895108547.7,1083251
1.63253E+12,2021/9/25 0:00,BNB/USDT,354.94,360.73,343.35,349.39,1471344.26,517025134,770477
1.63244E+12,2021/9/24 0:00,BNB/USDT,383.31,385,333.3,354.98,2616311.23,929185260.2,1230043
1.63236E+12,2021/9/23 0:00,BNB/USDT,378.83,384.45,369,383.36,1424982.96,537898068.2,852808
1.63227E+12,2021/9/22 0:00,BNB/USDT,344.33,379.66,341.89,378.82,1733951.3,629500209,1081453
1.63218E+12,2021/9/21 0:00,BNB/USDT,364.2,375.52,335.72,344.26,2808203.99,1008145433,1458881
1.6321E+12,2021/9/20 0:00,BNB/USDT,408.77,409.99,353.42,364.15,3409293.39,1285139448,1660488
1.63201E+12,2021/9/19 0:00,BNB/USDT,410.75,419.3,403.17,408.74,1237688.25,509034566.4,908659
1.63192E+12,2021/9/18 0:00,BNB/USDT,407.15,420.39,401.8,410.75,1022237.11,422895171.1,828861
1.63184E+12,2021/9/17 0:00,BNB/USDT,424.48,426.25,400,407.14,1448756.71,598246786.8,1030180
1.63175E+12,2021/9/16 0:00,BNB/USDT,431.28,433.41,416,424.49,1659943.17,707294454,1034414
1.63166E+12,2021/9/15 0:00,BNB/USDT,414.3,436.69,410.14,431.28,1874783.24,797733346.2,1104368
1.63158E+12,2021/9/14 0:00,BNB/USDT,399.05,414.56,395.84,414.28,1429584.31,578172011.2,989904
1.63149E+12,2021/9/13 0:00,BNB/USDT,416.54,419.75,381.36,399.1,2345691.41,934143190.1,1308404
1.6314E+12,2021/9/12 0:00,BNB/USDT,404.9,421.67,397.49,416.43,1441281.72,594253819,1015431
1.63132E+12,2021/9/11 0:00,BNB/USDT,401.38,415.25,399.55,404.81,1338390.91,546362090.4,979027
1.63123E+12,2021/9/10 0:00,BNB/USDT,421.41,439.86,393.24,401.38,2411688.31,995586071.7,1405299
1.63115E+12,2021/9/9 0:00,BNB/USDT,414.83,436.64,403.73,421.41,2468629.84,1031981045,1407946
1.63106E+12,2021/9/8 0:00,BNB/USDT,418.68,425.32,381.8,414.84,3459886.66,1413375176,1656226
1.63097E+12,2021/9/7 0:00,BNB/USDT,496.3,505.88,332.95,418.7,6374268.49,2803786486,2579337
1.63089E+12,2021/9/6 0:00,BNB/USDT,505.7,510.55,487,496.29,2232675.48,1115427375,1204506
1.6308E+12,2021/9/5 0:00,BNB/USDT,498.47,506.53,488.87,505.71,2014374.36,1002442721,1108168
1.63071E+12,2021/9/4 0:00,BNB/USDT,488.82,511.04,485.55,498.42,2877936.65,1432676577,1387415
1.63063E+12,2021/9/3 0:00,BNB/USDT,484.07,495.05,473,488.78,2116484.05,1032614671,1137841
1.63054E+12,2021/9/2 0:00,BNB/USDT,489.5,505.44,478,484.08,2643356.52,1299090124,1267619
1.63045E+12,2021/9/1 0:00,BNB/USDT,464.48,490.73,455.64,489.5,2595281.26,1237587901,1316319
1.63037E+12,2021/8/31 0:00,BNB/USDT,460.28,477.85,451.84,464.44,2649162.43,1233219943,1348971
1.63028E+12,2021/8/30 0:00,BNB/USDT,480.04,481.6,457.16,460.29,2117647.15,1001075441,1204868
1.6302E+12,2021/8/29 0:00,BNB/USDT,486.61,496.4,476.11,480.06,1795835.56,871469638.8,1068833
1.63011E+12,2021/8/28 0:00,BNB/USDT,495.04,497.56,482.79,486.61,1514514.8,739006873.1,975384
1.63002E+12,2021/8/27 0:00,BNB/USDT,478.24,496.97,467.2,494.95,3079406.89,1488353017,1512003
1.62994E+12,2021/8/26 0:00,BNB/USDT,503.49,519.82,471,478.14,4464562.6,2184940878,2002871
1.62985E+12,2021/8/25 0:00,BNB/USDT,472.22,507.76,470.02,503.49,3995276.27,1957951630,1858770
1.62976E+12,2021/8/24 0:00,BNB/USDT,499.19,505.23,461,472.23,3726404.71,1805189098,1657768
1.62968E+12,2021/8/23 0:00,BNB/USDT,449.21,510.75,447.23,499.18,5487836.43,2697018873,2157581
1.62959E+12,2021/8/22 0:00,BNB/USDT,449.26,459,438.1,449.22,1886759.17,847161971.9,1046282
1.6295E+12,2021/8/21 0:00,BNB/USDT,455.3,460.89,445,449.25,2472011.57,1120445453,1287997
1.62942E+12,2021/8/20 0:00,BNB/USDT,431.51,458.83,422.03,455.29,2787681.35,1226095577,1388274
1.62933E+12,2021/8/19 0:00,BNB/USDT,396.31,432.3,391,431.51,3046364.58,1252913562,1418834
1.62924E+12,2021/8/18 0:00,BNB/USDT,402.12,412.48,384.92,396.21,3075110.14,1227379299,1471720
1.62916E+12,2021/8/17 0:00,BNB/USDT,415.84,436.37,398.66,402.07,3547052.11,1491592090,1581961
1.62907E+12,2021/8/16 0:00,BNB/USDT,414.4,437.92,411.35,415.83,3266173.81,1384504597,1444625
1.62899E+12,2021/8/15 0:00,BNB/USDT,408.9,415.42,396.44,414.4,2007683.55,813110866.3,1089362
1.6289E+12,2021/8/14 0:00,BNB/USDT,411.26,419.54,400,408.9,2675312.05,1092505500,1277638
1.62881E+12,2021/8/13 0:00,BNB/USDT,385.82,411.72,383,411.21,2659844.38,1061882550,1248199
1.62873E+12,2021/8/12 0:00,BNB/USDT,391.23,406.95,371.77,385.8,3557165.77,1373495245,1551950
1.62864E+12,2021/8/11 0:00,BNB/USDT,372.03,409.5,371.17,391.24,3365353.41,1316900223,1508065
1.62855E+12,2021/8/10 0:00,BNB/USDT,354.46,377.34,348.7,372.03,3493320.6,1274046722,1483585
1.62847E+12,2021/8/9 0:00,BNB/USDT,342,357.82,333.35,354.46,2406936.13,840693384.2,1286848
1.62838E+12,2021/8/8 0:00,BNB/USDT,356.25,360,337.03,341.99,2301382.72,804202946.4,1222763
1.62829E+12,2021/8/7 0:00,BNB/USDT,342.27,359.99,340.31,356.25,2630137.34,924167277.2,1217115
1.62821E+12,2021/8/6 0:00,BNB/USDT,338.08,347.46,330.95,342.28,2191512.01,743134430.5,1070327
1.62812E+12,2021/8/5 0:00,BNB/USDT,334.87,340.26,323.55,338.11,2361094.05,783124698.5,1067063
1.62804E+12,2021/8/4 0:00,BNB/USDT,323.46,337.19,319.67,334.88,1731136.84,567879298.3,921928
1.62795E+12,2021/8/3 0:00,BNB/USDT,330.56,334.7,317.08,323.46,1931080.62,624222550.8,1018202
1.62786E+12,2021/8/2 0:00,BNB/USDT,332.58,338.22,326.36,330.53,2095323.08,695702471.6,1044816
1.62778E+12,2021/8/1 0:00,BNB/USDT,332.5,348.15,328.68,332.57,3004681.91,1020012024,1261978
1.62769E+12,2021/7/31 0:00,BNB/USDT,322.81,338.81,317.34,332.5,2763201.74,907945495.6,1213121
1.6276E+12,2021/7/30 0:00,BNB/USDT,317.12,326,306,322.78,2709294.99,854499039.7,1190253
1.62752E+12,2021/7/29 0:00,BNB/USDT,313.66,320.53,308.05,317.15,2207945.46,692772852,1049028
1.62743E+12,2021/7/28 0:00,BNB/USDT,313.21,318.73,307.31,313.67,2805883.55,879596028.3,1290106
1.62734E+12,2021/7/27 0:00,BNB/USDT,303.79,318.28,297.32,313.24,3421048.69,1054064422,1455417
1.62726E+12,2021/7/26 0:00,BNB/USDT,302.17,329.05,300.62,303.8,5072279.52,1603715457,1895832
1.62717E+12,2021/7/25 0:00,BNB/USDT,301.46,303.92,292.2,302.17,2095153.03,626122954.3,1104892
1.62708E+12,2021/7/24 0:00,BNB/USDT,299.32,307.92,295.4,301.47,2610939.96,786991599.8,1201433
1.627E+12,2021/7/23 0:00,BNB/USDT,293.01,301.34,281.05,299.27,3498940.29,1020073952,1389938
1.62691E+12,2021/7/22 0:00,BNB/USDT,293.1,298.45,287.25,293,2856903,837626238.3,1343201
1.62683E+12,2021/7/21 0:00,BNB/USDT,264.19,299,260.6,293.07,4954440.85,1404509137,1868423
1.62674E+12,2021/7/20 0:00,BNB/USDT,280.25,283.32,253.64,264.19,5353473.1,1420242675,1901774
1.62665E+12,2021/7/19 0:00,BNB/USDT,301.78,303.46,278,280.27,3841360.33,1108678460,1602255
1.62657E+12,2021/7/18 0:00,BNB/USDT,300.11,308.88,298.32,301.77,2491017.48,757414019,1225313
1.62648E+12,2021/7/17 0:00,BNB/USDT,302.7,306.4,293.7,300.08,3257255.43,977414783.6,1440828
1.62639E+12,2021/7/16 0:00,BNB/USDT,315.78,323.31,301.68,302.71,3981862.91,1233410183,1636954
1.62631E+12,2021/7/15 0:00,BNB/USDT,309.23,323.98,301.11,315.78,5683751.77,1775156093,1988612
1.62622E+12,2021/7/14 0:00,BNB/USDT,308.82,313.26,290,309.23,3895142.52,1177795370,1618031
1.62613E+12,2021/7/13 0:00,BNB/USDT,315.53,318,305.11,308.82,2943422.65,915468111.5,1378184
1.62605E+12,2021/7/12 0:00,BNB/USDT,321.81,334,308.21,315.56,3721832.81,1197083646,1650430
1.62596E+12,2021/7/11 0:00,BNB/USDT,316.1,326.72,312,321.8,2329832.32,745841388.4,1274732
1.62588E+12,2021/7/10 0:00,BNB/USDT,316.86,321,310.3,316.11,2271201.24,714538084.7,1268993
1.62579E+12,2021/7/9 0:00,BNB/USDT,309.77,319.36,301.52,316.86,2912055.37,903705946.5,1457685
1.6257E+12,2021/7/8 0:00,BNB/USDT,327.43,328.27,304.1,309.78,4493527.52,1420569019,1849287
1.62562E+12,2021/7/7 0:00,BNB/USDT,319.5,339.44,318.04,327.41,4382399.91,1453222436,1815934
1.62553E+12,2021/7/6 0:00,BNB/USDT,302,322.39,301.68,319.5,4857453.02,1526229265,1902452
1.62544E+12,2021/7/5 0:00,BNB/USDT,307.59,307.6,292.11,301.98,3705270.99,1111235823,1485920
1.62536E+12,2021/7/4 0:00,BNB/USDT,298.1,314.88,292.5,307.58,3191271.1,976582649.9,1311798
1.62527E+12,2021/7/3 0:00,BNB/USDT,286.84,303.33,282.5,298.07,2700344.69,795207627.2,1304584
1.62518E+12,2021/7/2 0:00,BNB/USDT,287.38,290.57,275.93,286.83,3013603.58,848109313.1,1493853
1.6251E+12,2021/7/1 0:00,BNB/USDT,303.5,303.84,280.1,287.38,3582374.05,1035944744,1662429
1.62501E+12,2021/6/30 0:00,BNB/USDT,300.76,304.76,281.3,303.44,4613417.99,1355749221,1860641
1.62492E+12,2021/6/29 0:00,BNB/USDT,289.82,315.64,289.08,300.76,4930215.22,1497846094,1880732
1.62484E+12,2021/6/28 0:00,BNB/USDT,290.7,299.45,283.4,289.82,4282419.76,1245040196,1772448
1.62475E+12,2021/6/27 0:00,BNB/USDT,279.4,291.59,269.24,290.7,4111881.49,1147991053,1796351
1.62467E+12,2021/6/26 0:00,BNB/USDT,280.74,290.49,263.84,279.38,5221781.82,1434197358,2109102
1.62458E+12,2021/6/25 0:00,BNB/USDT,308.52,314.8,275.16,280.75,5858593.97,1708188712,2244043
1.62449E+12,2021/6/24 0:00,BNB/USDT,295.68,316.65,281.12,308.53,5626601.08,1693998692,2113094
1.62441E+12,2021/6/23 0:00,BNB/USDT,261.92,310.83,250.55,295.69,6846050.95,1975489738,2422616
1.62432E+12,2021/6/22 0:00,BNB/USDT,270.31,291.02,225,261.92,12127953.13,3142263427,3567501
1.62423E+12,2021/6/21 0:00,BNB/USDT,338.98,342.36,268,270.33,8257621.62,2521419739,2925574
1.62415E+12,2021/6/20 0:00,BNB/USDT,333.77,340.46,310,338.98,4070183.08,1330212757,1910329
1.62406E+12,2021/6/19 0:00,BNB/USDT,336.79,345.12,331.02,333.77,2454096.95,830131241.4,1560940
1.62397E+12,2021/6/18 0:00,BNB/USDT,352.45,356.85,327,336.79,3633095.61,1246471326,1902133
1.62389E+12,2021/6/17 0:00,BNB/USDT,347.24,362.34,345.76,352.45,2604926.77,922563341.9,1643264
1.6238E+12,2021/6/16 0:00,BNB/USDT,366.36,366.73,343,347.24,3353463.43,1190135952,1854942
1.62372E+12,2021/6/15 0:00,BNB/USDT,369.9,379.72,363,366.3,3373483.39,1251491780,1869929
1.62363E+12,2021/6/14 0:00,BNB/USDT,365.86,377.36,355,369.9,3724321.99,1362050463,2060228
1.62354E+12,2021/6/13 0:00,BNB/USDT,343.6,369.24,330.2,365.83,4089294.14,1415928304,2077215
1.62346E+12,2021/6/12 0:00,BNB/USDT,345.49,348.76,325.18,343.6,4410296.28,1487364517,2217409
1.62337E+12,2021/6/11 0:00,BNB/USDT,351.87,366.5,340.51,345.49,4323389.94,1534048437,2148117
1.62328E+12,2021/6/10 0:00,BNB/USDT,375.42,377.47,344,351.88,4950899.63,1786512957,2112125
1.6232E+12,2021/6/9 0:00,BNB/USDT,352.32,378.18,333.34,375.39,7029124.72,2508616411,2544150
1.62311E+12,2021/6/8 0:00,BNB/USDT,358.03,366.44,319.13,352.34,9851325.42,3395242742,3209874
1.62302E+12,2021/6/7 0:00,BNB/USDT,393.55,407.23,352.09,358,5888482.3,2278544150,2425769
1.62294E+12,2021/6/6 0:00,BNB/USDT,389.68,400.22,381.39,393.52,3819571.31,1494629391,1834126
1.62285E+12,2021/6/5 0:00,BNB/USDT,390.86,426.55,373.48,389.7,7016327.34,2814308175,2980470
1.62276E+12,2021/6/4 0:00,BNB/USDT,428.52,429.71,365.33,390.83,8155115.32,3169638671,3291558
1.62268E+12,2021/6/3 0:00,BNB/USDT,401.33,432.18,391.14,428.42,5981632.04,2486658573,2592971
1.62259E+12,2021/6/2 0:00,BNB/USDT,362.1,418.45,350.38,401.34,6888672.89,2712098415,2778915
1.62251E+12,2021/6/1 0:00,BNB/USDT,353.14,364.5,339.1,362.13,4956677.01,1741564229,2313291
1.62242E+12,2021/5/31 0:00,BNB/USDT,325.52,356.16,307.06,353.12,5617361.52,1878130587,2430665
1.62233E+12,2021/5/30 0:00,BNB/USDT,304.15,338.31,291.01,325.52,5630651.68,1810503752,2535067
1.62225E+12,2021/5/29 0:00,BNB/USDT,329.12,347.54,295.64,304.17,6285913.68,2005398200,2658465
1.62216E+12,2021/5/28 0:00,BNB/USDT,369.72,373.72,312.46,329.11,7554255.27,2536423804,3260665
1.62207E+12,2021/5/27 0:00,BNB/USDT,379.15,387.6,340.03,369.71,5718913.42,2089840767,2625852
1.62199E+12,2021/5/26 0:00,BNB/USDT,343.44,388.55,336.37,379.18,6414379.53,2362173490,2902919
1.6219E+12,2021/5/25 0:00,BNB/USDT,345.28,376.08,307,343.43,8856765.25,2977495160,3525048
1.62181E+12,2021/5/24 0:00,BNB/USDT,260.7,350.34,257.43,345.33,9630202.59,2929791445,3386476
1.62173E+12,2021/5/23 0:00,BNB/USDT,299.63,313.62,211.14,260.61,13121033.09,3299759533,4212459
1.62164E+12,2021/5/22 0:00,BNB/USDT,325.7,335.51,284.74,299.68,6478250.16,2017003029,2840985
1.62156E+12,2021/5/21 0:00,BNB/USDT,391.33,415.79,273.89,325.75,8510825.11,2930822282,3670938
1.62147E+12,2021/5/20 0:00,BNB/USDT,334.46,423,284.33,391.38,9016040.46,3297036424,3815160
1.62138E+12,2021/5/19 0:00,BNB/USDT,508.33,516.68,250,334.47,12232300.44,4860680772,5287533
1.6213E+12,2021/5/18 0:00,BNB/USDT,512.46,535,496,508.31,3063472.58,1581393751,1867718
1.62121E+12,2021/5/17 0:00,BNB/USDT,564.41,564.41,483.93,512.44,4903573.52,2542276498,2558582
1.62112E+12,2021/5/16 0:00,BNB/USDT,563.87,607.33,535.01,564.41,2956627.92,1690630159,1823175
1.62104E+12,2021/5/15 0:00,BNB/USDT,603.53,611.54,560,563.85,2361014.79,1381755946,1573706
1.62095E+12,2021/5/14 0:00,BNB/USDT,571.14,616.29,565.98,603.47,2583123.4,1538673875,1607597
1.62086E+12,2021/5/13 0:00,BNB/USDT,594.11,633.45,527,571.21,6731897.16,3917493276,3468565
1.62078E+12,2021/5/12 0:00,BNB/USDT,671.19,685,580,594.1,2988758.56,1936293778,1752479
1.62069E+12,2021/5/11 0:00,BNB/USDT,631.525,673,621.753,671.2,2466913.9,1608585740,1682451
1.6206E+12,2021/5/10 0:00,BNB/USDT,662.375,692.9,585.059,631.543,4579766.04,3013336690,2335910
1.62052E+12,2021/5/9 0:00,BNB/USDT,646.27,680,630,662.398,3424033.96,2261320873,1863735
1.62043E+12,2021/5/8 0:00,BNB/USDT,624.617,659.182,619.111,646.27,2655923.32,1703524579,1611121
1.62035E+12,2021/5/7 0:00,BNB/USDT,634.22,645,612.348,624.628,2400710.68,1506655544,1547943
1.62026E+12,2021/5/6 0:00,BNB/USDT,652,655.347,621,634.224,2558175.16,1635721033,1526688
1.62017E+12,2021/5/5 0:00,BNB/USDT,610.058,657.523,605,651.969,3253407.15,2088866292,1714883
1.62009E+12,2021/5/4 0:00,BNB/USDT,676.991,679.53,605,610.058,6042418.33,3859026403,2790458
1.62E+12,2021/5/3 0:00,BNB/USDT,622.072,681.576,622,676.967,4826440.19,3157870538,2285486
1.61991E+12,2021/5/2 0:00,BNB/USDT,620.813,629.67,596,622.071,3226654.83,1988875769,1655023
1.61983E+12,2021/5/1 0:00,BNB/USDT,623.585,645.5,609.459,620.81,3612502.76,2259984012,1771933
1.61974E+12,2021/4/30 0:00,BNB/USDT,600.325,628.95,586.328,623.585,5820798.56,3559168415,2421769
1.61965E+12,2021/4/29 0:00,BNB/USDT,563.053,616.653,554.066,600.325,7353626.11,4310661451,2953214
1.61957E+12,2021/4/28 0:00,BNB/USDT,569.126,580,540,563.063,3806369.44,2128415419,1714636
1.61948E+12,2021/4/27 0:00,BNB/USDT,535.358,579.885,525.797,569.126,4630435.47,2586037847,2083746
1.6194E+12,2021/4/26 0:00,BNB/USDT,505.543,550.595,502.01,535.358,4855443.57,2583407900,2261964
1.61931E+12,2021/4/25 0:00,BNB/USDT,497.187,518.144,478.548,505.538,3966924.05,1980701483,1928941
1.61922E+12,2021/4/24 0:00,BNB/USDT,526.228,529.158,483,497.13,5350238.99,2708628223,2552114
1.61914E+12,2021/4/23 0:00,BNB/USDT,505.674,530.486,447.597,526.227,11796134.67,5812742489,4429474
1.61905E+12,2021/4/22 0:00,BNB/USDT,544.404,584.209,480,505.65,11147827.55,6048588272,4226405
1.61896E+12,2021/4/21 0:00,BNB/USDT,586.959,614.8,535.955,544.359,11208729.53,6502790138,3988429
1.61888E+12,2021/4/20 0:00,BNB/USDT,504.642,590.656,472.468,587.206,9366053.79,4957928259,3582012
1.61879E+12,2021/4/19 0:00,BNB/USDT,482.126,540.909,467.235,504.668,9465769.29,4833438227,3352897
1.6187E+12,2021/4/18 0:00,BNB/USDT,515.432,520.684,416.364,482.127,9714866.04,4551574837,3215779
1.61862E+12,2021/4/17 0:00,BNB/USDT,508.919,548.545,506,515.342,5197888.39,2733959525,2069605
1.61853E+12,2021/4/16 0:00,BNB/USDT,542.745,549.959,487.556,508.924,9544356.51,4975202491,3389373
1.61844E+12,2021/4/15 0:00,BNB/USDT,549.788,558.324,534.205,542.723,3947360.25,2165924618,1520498
1.61836E+12,2021/4/14 0:00,BNB/USDT,553.352,593.414,519.061,549.788,9289659.77,5206864684,3164916
1.61827E+12,2021/4/13 0:00,BNB/USDT,598.212,605.145,533.5,553.269,10826674.04,6097883444,3748471
1.61819E+12,2021/4/12 0:00,BNB/USDT,526.188,640.5,517.2,598.229,23039501.26,13362139663,7025555
1.6181E+12,2021/4/11 0:00,BNB/USDT,472.86,529.909,460.8,526.179,6886715.6,3387721672,2306332
1.61801E+12,2021/4/10 0:00,BNB/USDT,454.801,489.5,449.895,472.789,8798239.92,4164539354,2840385
1.61793E+12,2021/4/9 0:00,BNB/USDT,418.77,454.842,405.05,454.84,6426818.58,2786192439,1905145
1.61784E+12,2021/4/8 0:00,BNB/USDT,375.947,423.468,372.146,418.755,6253328.86,2537454716,1927288
1.61775E+12,2021/4/7 0:00,BNB/USDT,403.499,414.784,356.777,375.947,11124864.67,4274347012,2951432
1.61767E+12,2021/4/6 0:00,BNB/USDT,368.754,413.068,364.5,403.484,7737755.9,3014535196,2136941
1.61758E+12,2021/4/5 0:00,BNB/USDT,349.277,381.24,335.532,368.763,5689326.56,2061267863,1581988
1.61749E+12,2021/4/4 0:00,BNB/USDT,322.244,352.867,316.116,349.304,4016471.3,1366193754,1205901
1.61741E+12,2021/4/3 0:00,BNB/USDT,338.721,349.8,315.2,322.235,4675679.12,1571363020,1414139
1.61732E+12,2021/4/2 0:00,BNB/USDT,335.374,358.418,325,338.821,6764633.33,2338213755,1844569
1.61724E+12,2021/4/1 0:00,BNB/USDT,302.702,340,301,335.334,6517964.68,2093682423,1636935
1.61715E+12,2021/3/31 0:00,BNB/USDT,312.322,317.89,283,302.7,7969896.6,2415262142,1868201
1.61706E+12,2021/3/30 0:00,BNB/USDT,275.421,312.811,271.507,312.347,7941174.14,2358752334,1917154
1.61698E+12,2021/3/29 0:00,BNB/USDT,268.788,278.5,264.52,275.426,2623334.32,716337983.7,747303
1.61689E+12,2021/3/28 0:00,BNB/USDT,269.605,281.67,261.1,268.799,3872203.57,1050984177,1052281
1.6168E+12,2021/3/27 0:00,BNB/USDT,255.046,276.338,248.788,269.619,3929000.15,1023220527,991526
1.61672E+12,2021/3/26 0:00,BNB/USDT,233.849,255.192,233.744,255.072,3135255.75,773587100.2,774600
1.61663E+12,2021/3/25 0:00,BNB/USDT,248.52,250.084,222.902,233.852,5051270.59,1195801079,1206240
1.61654E+12,2021/3/24 0:00,BNB/USDT,255.605,268.807,240,248.468,3981391.25,1024271348,965683
1.61646E+12,2021/3/23 0:00,BNB/USDT,254.99,263.031,252,255.654,3094054.4,798087983,805333
1.61637E+12,2021/3/22 0:00,BNB/USDT,264.852,277.607,253,254.967,4184146.94,1113058065,1010608
1.61628E+12,2021/3/21 0:00,BNB/USDT,264.305,268.121,257.232,264.852,2342979.86,617711659.8,623703
1.6162E+12,2021/3/20 0:00,BNB/USDT,262.933,274.848,261.585,264.332,2695399.68,724691118.5,704035
1.61611E+12,2021/3/19 0:00,BNB/USDT,261.699,269.486,255.001,262.924,2412866.29,638127797.3,659813
1.61603E+12,2021/3/18 0:00,BNB/USDT,270.187,278.239,257.461,261.699,4023547.21,1083023933,1007408
1.61594E+12,2021/3/17 0:00,BNB/USDT,258.964,272.598,248.624,270.149,3325521.09,857917831.2,828151
1.61585E+12,2021/3/16 0:00,BNB/USDT,254.53,259.902,240,258.957,4021206.86,1013265928,1021004
1.61577E+12,2021/3/15 0:00,BNB/USDT,263.431,268.158,249.649,254.523,4745146.3,1220857945,1114058
1.61568E+12,2021/3/14 0:00,BNB/USDT,276.994,277.71,263.114,263.278,3400635.57,919002613.5,870552
1.61559E+12,2021/3/13 0:00,BNB/USDT,263.404,284.933,255.55,276.98,5299618.99,1448083022,1266424
1.61551E+12,2021/3/12 0:00,BNB/USDT,290.04,290.954,246.336,263.372,9784609.14,2640348829,2153486
1.61542E+12,2021/3/11 0:00,BNB/USDT,278.397,316.491,272.434,290.04,12275392.55,3595737903,2614437
1.61533E+12,2021/3/10 0:00,BNB/USDT,293.424,296.5,264,278.397,10156146.59,2860535755,2162050
1.61525E+12,2021/3/9 0:00,BNB/USDT,240.553,298.292,235.82,293.464,12635026.59,3401097400,2587233
1.61516E+12,2021/3/8 0:00,BNB/USDT,240.283,243.394,229,240.555,3799282.72,895057867.6,849480
1.61508E+12,2021/3/7 0:00,BNB/USDT,226.382,244.389,224.77,240.269,4499987.45,1058652887,949087
1.61499E+12,2021/3/6 0:00,BNB/USDT,225.409,232.386,219.424,226.349,3351778.24,755801055.1,737608
1.6149E+12,2021/3/5 0:00,BNB/USDT,229.698,231.637,215.7,225.407,5124643.74,1144093958,1072202
1.61482E+12,2021/3/4 0:00,BNB/USDT,240.427,250.311,225.577,229.743,5592589.83,1331429562,1126102
1.61473E+12,2021/3/3 0:00,BNB/USDT,239.673,255.387,236.054,240.499,6569331.17,1621177390,1240085
1.61464E+12,2021/3/2 0:00,BNB/USDT,255.069,265.584,227.121,239.713,7830293.28,1915270145,1501657
1.61456E+12,2021/3/1 0:00,BNB/USDT,210.196,260,209.052,255.033,11445294.27,2765386972,2331009
1.61447E+12,2021/2/28 0:00,BNB/USDT,225.33,229.294,195,210.11,7904773.17,1653869878,1702913
1.61438E+12,2021/2/27 0:00,BNB/USDT,221.594,238,218.991,225.36,5396399.16,1230194961,1352282
1.6143E+12,2021/2/26 0:00,BNB/USDT,234.409,239.772,208.872,221.6,10146456.87,2289352973,2335477
1.61421E+12,2021/2/25 0:00,BNB/USDT,254.194,265.82,231,234.376,9071200.41,2266374311,2084220
1.61412E+12,2021/2/24 0:00,BNB/USDT,230.99,280.811,213.2,254.183,14890210.61,3754142486,3229809
1.61404E+12,2021/2/23 0:00,BNB/USDT,267.444,270.081,183.5,230.982,19576669.04,4334130732,4528646
1.61395E+12,2021/2/22 0:00,BNB/USDT,294.945,295.986,219,267.467,15428019.61,4042822267,3666793
1.61387E+12,2021/2/21 0:00,BNB/USDT,253.053,309.086,249.001,294.864,14676450.99,4155862706,3394379
1.61378E+12,2021/2/20 0:00,BNB/USDT,334.111,337,223.342,252.807,20932443.53,5912072901,5183793
1.61369E+12,2021/2/19 0:00,BNB/USDT,195.571,350,195,334.094,35904371.35,10019885962,7148391
1.61361E+12,2021/2/18 0:00,BNB/USDT,165.638,201.69,163.257,195.549,15260592.33,2864510514,2082367
1.61352E+12,2021/2/17 0:00,BNB/USDT,130.327,176.92,127,165.556,11845430.36,1813734286,1595247
1.61343E+12,2021/2/16 0:00,BNB/USDT,130.036,134,126.2,130.334,3003950.45,390849638.9,480056
1.61335E+12,2021/2/15 0:00,BNB/USDT,135.89,140.187,117.189,130.037,5327626.06,688852449.8,754033
1.61326E+12,2021/2/14 0:00,BNB/USDT,133.5,140.417,128.541,135.844,5327989.9,713957618.3,716754
1.61317E+12,2021/2/13 0:00,BNB/USDT,136.728,139,124.951,133.5,4435209.64,583667753.6,666842
1.61309E+12,2021/2/12 0:00,BNB/USDT,124.148,141.85,121,136.745,7979486.2,1055142000,1037487
1.613E+12,2021/2/11 0:00,BNB/USDT,128.9,133.605,118,124.11,7898640.86,988435909.8,1068228
1.61292E+12,2021/2/10 0:00,BNB/USDT,107.254,148.9,107.25,128.901,27321335.8,3537757055,3423412
1.61283E+12,2021/2/9 0:00,BNB/USDT,80.146,116.592,78.785,107.249,17338691.09,1715925645,1799021
1.61274E+12,2021/2/8 0:00,BNB/USDT,68.259,80.386,67.4,80.146,7926793.81,581712183.3,866782
1.61266E+12,2021/2/7 0:00,BNB/USDT,72.548,74.5,64.034,68.269,6571573.68,453573888.2,680336
1.61257E+12,2021/2/6 0:00,BNB/USDT,67.69,75.538,61.52,72.555,12358167.87,874732752.2,1134997
1.61248E+12,2021/2/5 0:00,BNB/USDT,55.96,68.8,55.925,67.736,5761391.94,354892927.1,688401
1.6124E+12,2021/2/4 0:00,BNB/USDT,52.095,56.948,51.008,55.968,3742663.91,201246849.5,434329
1.61231E+12,2021/2/3 0:00,BNB/USDT,50.906,52.694,49.751,52.096,2182777.61,111438021.2,263064
1.61222E+12,2021/2/2 0:00,BNB/USDT,51.461,52.888,49.315,50.914,4571265.54,232664923.9,463195
1.61214E+12,2021/2/1 0:00,BNB/USDT,44.345,52.578,43.418,51.483,5792782.9,280811231,619431
1.61205E+12,2021/1/31 0:00,BNB/USDT,44.74,45.707,43.374,44.353,1771975.33,78544090.37,237810
1.61196E+12,2021/1/30 0:00,BNB/USDT,42.869,45.156,42.6,44.744,1953602.31,86077046.96,243602
1.61188E+12,2021/1/29 0:00,BNB/USDT,42.452,44.1,41.837,42.863,2967302.44,127497250.4,322487
1.61179E+12,2021/1/28 0:00,BNB/USDT,40.907,42.999,40.36,42.452,2241362.92,94475743.4,267520
1.61171E+12,2021/1/27 0:00,BNB/USDT,41.86,42.131,39.71,40.902,2497721.46,102243269.2,291300
1.61162E+12,2021/1/26 0:00,BNB/USDT,41.835,42.556,39.876,41.873,2217988.98,90990712.26,270774
1.61153E+12,2021/1/25 0:00,BNB/USDT,41.85,43.435,40.5,41.826,2542580.91,107571862.5,292131
1.61145E+12,2021/1/24 0:00,BNB/USDT,40.927,42.273,40.28,41.85,1854955.87,76799122.46,244016
1.61136E+12,2021/1/23 0:00,BNB/USDT,40.855,41.799,39.504,40.925,2586537.96,105153492.3,278699
1.61127E+12,2021/1/22 0:00,BNB/USDT,38.648,41.426,36.81,40.863,4101010.61,162589322.8,369381
1.61119E+12,2021/1/21 0:00,BNB/USDT,42.62,42.714,38.116,38.647,4457043.1,179805196.9,400757
1.6111E+12,2021/1/20 0:00,BNB/USDT,42.477,42.802,40.195,42.607,4038131.83,168146125.5,386922
1.61101E+12,2021/1/19 0:00,BNB/USDT,45.447,47.4,41.686,42.492,5885999.28,261881385.1,483938
1.61093E+12,2021/1/18 0:00,BNB/USDT,45.861,46.967,44.145,45.442,3761963.01,170845051.6,325137
1.61084E+12,2021/1/17 0:00,BNB/USDT,43.169,46.784,41,45.857,5321151.21,234148839.9,447884
1.61076E+12,2021/1/16 0:00,BNB/USDT,40.882,44.226,40.689,43.171,4005216.95,170702878.4,364852
1.61067E+12,2021/1/15 0:00,BNB/USDT,41.912,42.69,38.696,40.88,3622510.35,148351367.4,338991
1.61058E+12,2021/1/14 0:00,BNB/USDT,40.208,42.039,39.68,41.911,3023256.98,123844764.4,303629
1.6105E+12,2021/1/13 0:00,BNB/USDT,38.274,40.512,37,40.192,3655018.8,140899631,331381
1.61041E+12,2021/1/12 0:00,BNB/USDT,38.114,39.998,37.135,38.275,3873565.39,149031276.4,354179
1.61032E+12,2021/1/11 0:00,BNB/USDT,42.394,42.464,35.13,38.104,7471566.19,286696120.4,619602
1.61024E+12,2021/1/10 0:00,BNB/USDT,43.911,45.2,39.786,42.399,4438160.76,191480239.1,430353
1.61015E+12,2021/1/9 0:00,BNB/USDT,42.403,44.301,41.52,43.907,3048897.77,130567492,297436
1.61006E+12,2021/1/8 0:00,BNB/USDT,43.566,43.69,40.054,42.394,4283914.41,180737744,377962
1.60998E+12,2021/1/7 0:00,BNB/USDT,42.286,44.928,41.3,43.57,4664178.86,201493806.9,424033
1.60989E+12,2021/1/6 0:00,BNB/USDT,41.806,42.328,40.53,42.288,3385263.29,140351595.4,319961
1.6098E+12,2021/1/5 0:00,BNB/USDT,41.126,41.807,38.844,41.799,4157283.5,167800583,342304
1.60972E+12,2021/1/4 0:00,BNB/USDT,41.301,43.646,38.011,41.142,6603696.97,268002846.3,530059
1.60963E+12,2021/1/3 0:00,BNB/USDT,38.271,41.906,37.838,41.3,5731756.14,230122378.4,457600
1.60955E+12,2021/1/2 0:00,BNB/USDT,37.795,39.06,36.79,38.271,2789507.96,105559011.1,275277
1.60946E+12,2021/1/1 0:00,BNB/USDT,37.4,39.082,37,37.795,2613623.24,99344291.78,264595
1.60937E+12,2020/12/31 0:00,BNB/USDT,38.209,38.28,36.67,37.386,1803543.66,67479827.56,197958
1.60929E+12,2020/12/30 0:00,BNB/USDT,39.127,39.355,36.852,38.224,2447370.68,92516921.16,245472
1.6092E+12,2020/12/29 0:00,BNB/USDT,36.023,39.5,35.372,39.122,7250595.49,275087307.7,515664
1.60911E+12,2020/12/28 0:00,BNB/USDT,33.68,36.268,33.352,36.026,4737639.14,167494762.9,345373
1.60903E+12,2020/12/27 0:00,BNB/USDT,33.641,35.132,31.792,33.676,4249254.43,143677272.9,348546
1.60894E+12,2020/12/26 0:00,BNB/USDT,33.235,34.106,32.578,33.638,2918075.41,97474881.47,243380
1.60885E+12,2020/12/25 0:00,BNB/USDT,32.525,33.532,31.745,33.231,2648964.1,86602796.28,235493
1.60877E+12,2020/12/24 0:00,BNB/USDT,31.161,32.776,30.354,32.504,3172919.14,100175786.9,265662
1.60868E+12,2020/12/23 0:00,BNB/USDT,33.527,34.5,29.8,31.159,5435106.02,177304618.2,383750
1.6086E+12,2020/12/22 0:00,BNB/USDT,32.13,33.858,30.5,33.527,4476925.13,144947357.1,338242
1.60851E+12,2020/12/21 0:00,BNB/USDT,34.297,35.695,31.5,32.13,7192550.36,240192067.1,457065
1.60842E+12,2020/12/20 0:00,BNB/USDT,33.346,35.7,32.6,34.29,6599639.99,226687301.6,400341
1.60834E+12,2020/12/19 0:00,BNB/USDT,31,34.356,30.931,33.337,5468744.51,180458344.7,342101
1.60825E+12,2020/12/18 0:00,BNB/USDT,30.238,31.26,29.638,31,1958227.68,59862269.9,173779
1.60816E+12,2020/12/17 0:00,BNB/USDT,30.564,31.634,29.746,30.237,3996558.39,123043407.1,266832
1.60808E+12,2020/12/16 0:00,BNB/USDT,29.471,30.67,29.035,30.563,2173014.46,64975816.57,175364
1.60799E+12,2020/12/15 0:00,BNB/USDT,30.04,30.335,29.305,29.47,1372204.44,40853888.08,141562
1.6079E+12,2020/12/14 0:00,BNB/USDT,29.185,30.194,28.69,30.031,2027509.43,59619234.31,175177
1.60782E+12,2020/12/13 0:00,BNB/USDT,28.163,29.323,28.023,29.182,1386617.61,39963156.71,162397
1.60773E+12,2020/12/12 0:00,BNB/USDT,27.359,28.235,27.283,28.162,1029509.45,28686112.87,154054
1.60764E+12,2020/12/11 0:00,BNB/USDT,27.699,27.784,26.747,27.356,1219804.25,33171119.06,171035
1.60756E+12,2020/12/10 0:00,BNB/USDT,28.145,28.243,27.422,27.7,1036482.54,28796222.03,151821
1.60747E+12,2020/12/9 0:00,BNB/USDT,27.682,28.398,26.932,28.152,1476065.49,40946511.95,165855
1.60739E+12,2020/12/8 0:00,BNB/USDT,29.384,29.488,27.453,27.687,1961246.58,55669703.75,207779
1.6073E+12,2020/12/7 0:00,BNB/USDT,29.508,29.668,29.09,29.38,1053377.07,30935718.73,162035
1.60721E+12,2020/12/6 0:00,BNB/USDT,29.73,30.162,29.057,29.499,1398524.3,41305996.88,162364
1.60713E+12,2020/12/5 0:00,BNB/USDT,29.04,30.041,28.682,29.74,1626331.61,47793114.57,185907
1.60704E+12,2020/12/4 0:00,BNB/USDT,30.72,31.16,28.757,29.039,2403792.7,71929179.55,222357
1.60695E+12,2020/12/3 0:00,BNB/USDT,30.286,30.859,29.884,30.721,1656800.75,50405361.39,168047
1.60687E+12,2020/12/2 0:00,BNB/USDT,30.205,30.993,29.504,30.278,2308003.41,69942956.7,208419
1.60678E+12,2020/12/1 0:00,BNB/USDT,31.54,32,29.164,30.206,4032903.5,123938360.1,312754
1.60669E+12,2020/11/30 0:00,BNB/USDT,30.138,31.696,29.759,31.535,3329955.45,102498110.6,248562
1.60661E+12,2020/11/29 0:00,BNB/USDT,29.165,30.479,28.91,30.138,2572348.98,76134371.96,206100
1.60652E+12,2020/11/28 0:00,BNB/USDT,28.5,29.722,27.927,29.168,2567869.23,74245584.99,199945
1.60644E+12,2020/11/27 0:00,BNB/USDT,28.263,28.75,27.263,28.5,3319292.13,93249139,251236
1.60635E+12,2020/11/26 0:00,BNB/USDT,31.284,31.793,26.409,28.258,9344593.8,268723165.4,567457
1.60626E+12,2020/11/25 0:00,BNB/USDT,33.927,35.423,30.3,31.285,6090274.8,201330449.8,396133
1.60618E+12,2020/11/24 0:00,BNB/USDT,31.057,35.328,30.852,33.919,11036062.96,365280262.2,564216
1.60609E+12,2020/11/23 0:00,BNB/USDT,30.041,31.179,29.821,31.063,4520129.8,137955951.6,309535
1.606E+12,2020/11/22 0:00,BNB/USDT,30.587,31.362,28.878,30.045,4664400.13,140573398.8,315496
1.60592E+12,2020/11/21 0:00,BNB/USDT,28.986,30.838,28.339,30.581,4992749.7,148218419.1,308668
1.60583E+12,2020/11/20 0:00,BNB/USDT,28.123,29.339,28.074,28.986,2819396.37,81176230.82,219031
1.60574E+12,2020/11/19 0:00,BNB/USDT,28.123,28.388,27.65,28.123,1769669.98,49672010.06,181782
1.60566E+12,2020/11/18 0:00,BNB/USDT,28.561,28.84,27.203,28.12,2854413.67,80227340.82,225592
1.60557E+12,2020/11/17 0:00,BNB/USDT,27.99,28.83,27.958,28.554,2544418.5,72512580.62,200984
1.60548E+12,2020/11/16 0:00,BNB/USDT,27.681,28.231,27.48,27.997,1523268.24,42511092.3,167269
1.6054E+12,2020/11/15 0:00,BNB/USDT,27.959,28.24,27.069,27.681,1611727.73,44855583.79,207782
1.60531E+12,2020/11/14 0:00,BNB/USDT,28.227,28.233,27.408,27.964,1213580.95,33670851.96,190204
1.60523E+12,2020/11/13 0:00,BNB/USDT,27.712,28.488,27.55,28.227,2001986.93,56150124.09,203657
1.60514E+12,2020/11/12 0:00,BNB/USDT,28.012,28.188,27.302,27.712,1509464.91,41929883.9,180941
1.60505E+12,2020/11/11 0:00,BNB/USDT,28.238,28.6,27.811,28.01,1570625.19,44277853.15,176239
1.60497E+12,2020/11/10 0:00,BNB/USDT,28.1,28.539,27.717,28.237,2011956.56,56653622.03,184975
1.60488E+12,2020/11/9 0:00,BNB/USDT,28.421,28.978,27.375,28.1,2500157.58,70566408.44,216748
1.60479E+12,2020/11/8 0:00,BNB/USDT,27.784,28.74,27.485,28.427,1910190.58,53939729.12,195733
1.60471E+12,2020/11/7 0:00,BNB/USDT,29.054,29.914,26.851,27.788,4232157.28,121480847.6,311327
1.60462E+12,2020/11/6 0:00,BNB/USDT,27.723,29.555,27.721,29.052,3610757.42,103885708.9,269813
1.60453E+12,2020/11/5 0:00,BNB/USDT,26.962,27.947,26.674,27.721,3049246.3,83560630.14,236810
1.60445E+12,2020/11/4 0:00,BNB/USDT,26.879,26.979,25.937,26.96,2674949.35,70873540.01,223127
1.60436E+12,2020/11/3 0:00,BNB/USDT,27.806,27.806,25.727,26.878,3416204.58,91018601.64,261717
1.60428E+12,2020/11/2 0:00,BNB/USDT,28.564,29.271,27.773,27.807,2698951.61,77181697.86,225952
1.60419E+12,2020/11/1 0:00,BNB/USDT,28.509,28.685,28.105,28.568,1166370.6,33014941.39,192137
1.6041E+12,2020/10/31 0:00,BNB/USDT,28.51,28.91,28.12,28.504,1636871.66,46758164.52,195216
1.60402E+12,2020/10/30 0:00,BNB/USDT,29.847,30.19,27.451,28.509,3609401.75,103053427.8,261142
1.60393E+12,2020/10/29 0:00,BNB/USDT,30.322,30.423,29.46,29.845,2307279.52,69274701.8,193915
1.60384E+12,2020/10/28 0:00,BNB/USDT,31.415,31.93,29.75,30.322,2931609.08,90172790.58,229224
1.60376E+12,2020/10/27 0:00,BNB/USDT,31.021,32.448,30.821,31.423,4314842.52,136505610.8,299644
1.60367E+12,2020/10/26 0:00,BNB/USDT,30.104,31.37,29.925,31.022,3277614.79,100829281.6,269375
1.60358E+12,2020/10/25 0:00,BNB/USDT,30.629,30.99,29.85,30.107,1470943,44621956.39,188414
1.6035E+12,2020/10/24 0:00,BNB/USDT,30.63,30.85,30.407,30.629,927606.27,28407425.21,182746
1.60341E+12,2020/10/23 0:00,BNB/USDT,30.658,31.186,30.065,30.63,1900619.78,58321199.16,210472
1.60332E+12,2020/10/22 0:00,BNB/USDT,29.732,31.28,29.682,30.663,2969500.15,91236980.69,240025
1.60324E+12,2020/10/21 0:00,BNB/USDT,28.832,30.42,28.651,29.734,3038475.7,90105737.91,248968
1.60315E+12,2020/10/20 0:00,BNB/USDT,29.899,30.089,28.5,28.831,2639829.66,77200628.41,233487
1.60307E+12,2020/10/19 0:00,BNB/USDT,30.6,30.672,29.7,29.899,2176988.84,65566585.08,188301
1.60298E+12,2020/10/18 0:00,BNB/USDT,30.202,30.95,30.132,30.599,1838350.02,56278918.93,187100
1.60289E+12,2020/10/17 0:00,BNB/USDT,30.031,30.56,29.666,30.2,1681259.96,50831262.91,185620
1.60281E+12,2020/10/16 0:00,BNB/USDT,31.299,31.891,29.56,30.026,4453919.08,135915671.4,270277
1.60272E+12,2020/10/15 0:00,BNB/USDT,30.804,31.701,30.332,31.3,3225994.49,100104158.1,224767
1.60263E+12,2020/10/14 0:00,BNB/USDT,30.623,31.335,30.305,30.8,2709570.37,83303054.48,226370
1.60255E+12,2020/10/13 0:00,BNB/USDT,30.64,31.701,29.957,30.622,4480813.93,138190027.7,311162
1.60246E+12,2020/10/12 0:00,BNB/USDT,28.502,31.1,28.428,30.638,5798244.2,174459464.2,382835
1.60237E+12,2020/10/11 0:00,BNB/USDT,28.359,28.725,27.833,28.501,1513440.09,42924537.83,215914
1.60229E+12,2020/10/10 0:00,BNB/USDT,28.373,29.231,28.077,28.359,1885181.08,54009128.58,196466
1.6022E+12,2020/10/9 0:00,BNB/USDT,27.669,28.49,27.43,28.373,1976557.32,55586179.42,191766
1.60212E+12,2020/10/8 0:00,BNB/USDT,27.664,27.82,26.51,27.669,2264352.22,61698287.53,214701
1.60203E+12,2020/10/7 0:00,BNB/USDT,27.685,27.855,26.836,27.667,2141195.2,58645788.08,210656
1.60194E+12,2020/10/6 0:00,BNB/USDT,28.616,28.94,27.277,27.687,3309469.96,93065834.94,244668
1.60186E+12,2020/10/5 0:00,BNB/USDT,28.973,29.185,28.069,28.616,2309511.07,66114844.82,201189
1.60177E+12,2020/10/4 0:00,BNB/USDT,28.133,29.13,27.85,28.961,2848752.58,81396896.08,213753
1.60168E+12,2020/10/3 0:00,BNB/USDT,27.302,28.255,27.005,28.133,2486140.18,68850321.44,207457
1.6016E+12,2020/10/2 0:00,BNB/USDT,27.454,28.091,25.57,27.285,5191308.82,139626232.9,306865
1.60151E+12,2020/10/1 0:00,BNB/USDT,29.2,29.305,26.193,27.455,4434355.39,122785759.1,286923
1.60142E+12,2020/9/30 0:00,BNB/USDT,28.823,29.549,27.78,29.2,3456590.9,98788798.56,247478
1.60134E+12,2020/9/29 0:00,BNB/USDT,26.973,28.948,26.834,28.822,4414780.77,123765808.4,277562
1.60125E+12,2020/9/28 0:00,BNB/USDT,26.221,27.67,25.83,26.973,3293265.26,87999340.79,234950
1.60116E+12,2020/9/27 0:00,BNB/USDT,26.162,26.85,25.466,26.219,2814420.58,73583942.38,210322
1.60108E+12,2020/9/26 0:00,BNB/USDT,24.674,26.444,24.454,26.162,2570949.91,65213602.11,204154
1.60099E+12,2020/9/25 0:00,BNB/USDT,24.56,25.089,23.726,24.677,2493303.3,60960004.07,202904
1.60091E+12,2020/9/24 0:00,BNB/USDT,22.839,24.679,22.562,24.56,2921696.68,69421492.26,214359
1.60082E+12,2020/9/23 0:00,BNB/USDT,24.051,24.366,22.435,22.839,3723770.38,87786524.86,238921
1.60073E+12,2020/9/22 0:00,BNB/USDT,23.12,24.594,22.662,24.051,4183191.74,99434903.05,268247
1.60065E+12,2020/9/21 0:00,BNB/USDT,26.329,26.652,22.2,23.12,6839808.24,164562531.4,385956
1.60056E+12,2020/9/20 0:00,BNB/USDT,27.226,27.374,25.111,26.324,3280892.1,86220094.17,243228
1.60047E+12,2020/9/19 0:00,BNB/USDT,27.66,28.054,26.685,27.226,2224710.77,60715927.16,197892
1.60039E+12,2020/9/18 0:00,BNB/USDT,26.988,28.824,26.607,27.653,4628880.8,128158883.1,321221
1.6003E+12,2020/9/17 0:00,BNB/USDT,27.816,28.741,26.055,26.989,4643696.37,125488111.7,298716
1.60021E+12,2020/9/16 0:00,BNB/USDT,27.088,28.3,25.577,27.816,6869769.43,186794766.9,356566
1.60013E+12,2020/9/15 0:00,BNB/USDT,30.867,30.899,26.688,27.086,10130811.09,289951438.1,487163
1.60004E+12,2020/9/14 0:00,BNB/USDT,31.139,33.302,29.05,30.856,10524610.07,328626618.3,531838
1.59996E+12,2020/9/13 0:00,BNB/USDT,28.397,32.36,28.006,31.142,9514711.33,288627963.9,478365
1.59987E+12,2020/9/12 0:00,BNB/USDT,25.347,28.507,25.325,28.395,5342732.98,143932672.5,308161
1.59978E+12,2020/9/11 0:00,BNB/USDT,24.512,25.684,23.019,25.365,3076021.8,74167230.29,221227
1.5997E+12,2020/9/10 0:00,BNB/USDT,24.403,25.577,24.057,24.509,3221589.03,79711834.17,216248
1.59961E+12,2020/9/9 0:00,BNB/USDT,23.177,24.48,22.35,24.417,3386032.27,79809568.24,213701
1.59952E+12,2020/9/8 0:00,BNB/USDT,22.405,23.396,21.25,23.18,4193590.98,94025248.92,248700
1.59944E+12,2020/9/7 0:00,BNB/USDT,23.12,23.564,19.911,22.398,4554593.01,99281167.39,265474
1.59935E+12,2020/9/6 0:00,BNB/USDT,19.415,23.471,18.503,23.137,5373191.2,116760860.8,288653
1.59926E+12,2020/9/5 0:00,BNB/USDT,20.942,21.464,17.89,19.43,3265792.4,63456217.58,218532
1.59918E+12,2020/9/4 0:00,BNB/USDT,20.41,21.843,19.077,20.94,4451249.08,92204755.11,268872
1.59909E+12,2020/9/3 0:00,BNB/USDT,24.759,25.568,19.81,20.424,6460942.13,149240223.5,349592
1.599E+12,2020/9/2 0:00,BNB/USDT,24.756,25.908,23,24.756,4638282.25,114475450.5,266393
1.59892E+12,2020/9/1 0:00,BNB/USDT,23.167,25.672,22.822,24.756,3228209.34,77552825.66,197808
1.59883E+12,2020/8/31 0:00,BNB/USDT,23.641,24.019,22.95,23.166,1504888.98,35177709.51,125055
1.59875E+12,2020/8/30 0:00,BNB/USDT,22.951,23.9,22.903,23.642,1582433.86,37011134.36,130053
1.59866E+12,2020/8/29 0:00,BNB/USDT,23.098,23.534,22.764,22.952,1333272.92,30946160.54,129164
1.59857E+12,2020/8/28 0:00,BNB/USDT,23.129,23.609,22.624,23.095,1990551.98,45932821.05,144685
1.59849E+12,2020/8/27 0:00,BNB/USDT,22.21,23.178,21.834,23.129,2558646.21,57571722.42,170353
1.5984E+12,2020/8/26 0:00,BNB/USDT,21.4,22.531,21.282,22.212,1877357.34,41563734.53,143355
1.59831E+12,2020/8/25 0:00,BNB/USDT,22.6,22.667,21,21.4,1704436.47,37127918.21,143315
1.59823E+12,2020/8/24 0:00,BNB/USDT,21.854,23.002,21.68,22.6,1323978.32,29727499.46,116608
1.59814E+12,2020/8/23 0:00,BNB/USDT,22.217,22.261,21.554,21.853,1251991.61,27392696.35,107369
1.59805E+12,2020/8/22 0:00,BNB/USDT,22.122,22.274,21.297,22.216,1571139.74,34437428.2,124302
1.59797E+12,2020/8/21 0:00,BNB/USDT,23.127,23.35,21.711,22.123,2267255.76,51246840.87,150977
1.59788E+12,2020/8/20 0:00,BNB/USDT,22.393,23.35,22.043,23.122,1896105.42,43330483.3,131926
1.5978E+12,2020/8/19 0:00,BNB/USDT,23.016,23.279,21.81,22.376,2064063.08,46465019.34,144000
1.59771E+12,2020/8/18 0:00,BNB/USDT,23.504,23.806,22.319,23.016,1861857.37,43214622.35,129291
1.59762E+12,2020/8/17 0:00,BNB/USDT,23.54,24.081,22.94,23.503,2257776.71,53003678.03,136159
1.59754E+12,2020/8/16 0:00,BNB/USDT,23.096,23.833,22.707,23.54,2005272.88,46644081.12,145212
1.59745E+12,2020/8/15 0:00,BNB/USDT,23.141,23.82,22.755,23.107,2360235.15,54949767.17,166150
1.59736E+12,2020/8/14 0:00,BNB/USDT,21.798,23.356,21.273,23.141,3798335.65,85652682.57,205218
1.59728E+12,2020/8/13 0:00,BNB/USDT,21.503,21.896,20.669,21.789,2571288.23,54807056.31,163369
1.59719E+12,2020/8/12 0:00,BNB/USDT,21.289,22.021,20.509,21.503,2215072.53,47621948.03,154651
1.5971E+12,2020/8/11 0:00,BNB/USDT,22.655,22.792,20.6,21.278,2437916.51,52897963.79,184621
1.59702E+12,2020/8/10 0:00,BNB/USDT,22.426,22.806,22,22.656,1659355.72,37363619.14,125144
1.59693E+12,2020/8/9 0:00,BNB/USDT,22.908,22.918,22,22.416,1440236.79,32337707.59,116196
1.59684E+12,2020/8/8 0:00,BNB/USDT,22.334,22.914,21.813,22.909,1839275.06,41150934.15,120425
1.59676E+12,2020/8/7 0:00,BNB/USDT,22.757,23,21.01,22.334,3142139.9,70028435.93,152893
1.59667E+12,2020/8/6 0:00,BNB/USDT,23.235,23.274,22.5,22.76,2125780.63,48730781.91,124477
1.59659E+12,2020/8/5 0:00,BNB/USDT,22.324,23.55,22.084,23.236,3451873.87,79708058.08,175422
1.5965E+12,2020/8/4 0:00,BNB/USDT,22.064,22.465,21.439,22.323,2212028.31,48783737.55,135340
1.59641E+12,2020/8/3 0:00,BNB/USDT,20.961,22.562,20.615,22.064,3221483.44,70583697.7,177236
1.59633E+12,2020/8/2 0:00,BNB/USDT,21.641,22.25,18.546,20.959,3083866.51,63972380.15,188945
1.59624E+12,2020/8/1 0:00,BNB/USDT,20.683,21.799,20.598,21.646,2430826.19,51334478.16,143087
1.59615E+12,2020/7/31 0:00,BNB/USDT,19.988,20.88,19.95,20.686,1898997.59,38965489.25,131944
1.59607E+12,2020/7/30 0:00,BNB/USDT,19.906,20.149,19.521,19.978,1221121.31,24240726.43,90229
1.59598E+12,2020/7/29 0:00,BNB/USDT,20.18,20.435,19.779,19.901,1425583.56,28646227.65,103935
1.59589E+12,2020/7/28 0:00,BNB/USDT,19.789,20.73,19.48,20.184,3005300.19,60489627.54,193649
1.59581E+12,2020/7/27 0:00,BNB/USDT,19.58,20.222,18.331,19.792,3493682.1,67367252.45,203720
1.59572E+12,2020/7/26 0:00,BNB/USDT,19.84,20.34,19.112,19.577,2425776.85,47841716.2,149319
1.59564E+12,2020/7/25 0:00,BNB/USDT,19.206,20.081,19.154,19.84,2662190.38,52443320.07,153946
1.59555E+12,2020/7/24 0:00,BNB/USDT,18.764,19.583,18.248,19.204,3673730.88,69605779.61,194316
1.59546E+12,2020/7/23 0:00,BNB/USDT,18.115,18.788,18.056,18.768,2188672.07,40162647.57,125788
1.59538E+12,2020/7/22 0:00,BNB/USDT,17.73,18.133,17.448,18.103,1322551.32,23452404.49,86371
1.59529E+12,2020/7/21 0:00,BNB/USDT,17.482,17.99,17.404,17.737,1532182.84,27190137.41,99984
1.5952E+12,2020/7/20 0:00,BNB/USDT,18.041,18.333,17.249,17.493,2566534.66,45981789.5,127148
1.59512E+12,2020/7/19 0:00,BNB/USDT,17.158,18.141,16.871,18.039,3496898.97,62031802.27,152847
1.59503E+12,2020/7/18 0:00,BNB/USDT,17.071,17.35,16.816,17.156,1330795.71,22754928.16,93390
1.59494E+12,2020/7/17 0:00,BNB/USDT,17.168,17.484,16.95,17.073,1713580.97,29626421.08,121331
1.59486E+12,2020/7/16 0:00,BNB/USDT,17.651,17.798,16.426,17.171,2538439.31,43260557.87,147853
1.59477E+12,2020/7/15 0:00,BNB/USDT,18.088,18.175,17.412,17.648,2184575.72,38784164.4,124134
1.59468E+12,2020/7/14 0:00,BNB/USDT,18.414,18.795,17.7,18.09,2879951.02,52494913.17,156371
1.5946E+12,2020/7/13 0:00,BNB/USDT,18.313,19.069,17.8,18.419,3628616.74,66971810.92,178742
1.59451E+12,2020/7/12 0:00,BNB/USDT,17.64,18.619,17.611,18.312,3517420.62,64204067.68,163738
1.59443E+12,2020/7/11 0:00,BNB/USDT,17.327,17.695,17.023,17.631,1874795.7,32657860.73,116099
1.59434E+12,2020/7/10 0:00,BNB/USDT,16.842,17.37,16.455,17.325,1664970.06,28042853.37,114208
1.59425E+12,2020/7/9 0:00,BNB/USDT,17.291,17.53,16.504,16.844,1905706.54,32199988.85,114778
1.59417E+12,2020/7/8 0:00,BNB/USDT,16.832,17.47,16.597,17.29,2040324.55,34904030.18,109893
1.59408E+12,2020/7/7 0:00,BNB/USDT,16.322,16.9,16.02,16.837,1773432.41,29328518.99,103562
1.59399E+12,2020/7/6 0:00,BNB/USDT,15.503,16.367,15.463,16.324,1083247.77,17172323.68,67772
1.59391E+12,2020/7/5 0:00,BNB/USDT,15.574,15.615,15.116,15.502,504443.13,7776179.014,48606
1.59382E+12,2020/7/4 0:00,BNB/USDT,15.288,15.638,15.251,15.574,435268.81,6720151.656,49538
1.59373E+12,2020/7/3 0:00,BNB/USDT,15.371,15.498,15.26,15.288,401055.73,6171608.744,37198
1.59365E+12,2020/7/2 0:00,BNB/USDT,15.819,15.978,15.065,15.375,979124.16,15243632.54,64105
1.59356E+12,2020/7/1 0:00,BNB/USDT,15.411,15.892,15.329,15.819,719045.93,11254784.36,50199
1.59348E+12,2020/6/30 0:00,BNB/USDT,15.487,15.562,15.272,15.411,452224.78,6978897.982,40570
1.59339E+12,2020/6/29 0:00,BNB/USDT,15.394,15.6,15.203,15.48,593042.75,9141202.727,55627
1.5933E+12,2020/6/28 0:00,BNB/USDT,15.133,15.502,14.866,15.386,499658.43,7616667.365,46640
1.59322E+12,2020/6/27 0:00,BNB/USDT,15.778,15.895,14.701,15.139,676888.5,10417815.41,70321
1.59313E+12,2020/6/26 0:00,BNB/USDT,15.92,15.997,15.587,15.778,527797.39,8319398.078,51109
1.59304E+12,2020/6/25 0:00,BNB/USDT,16.037,16.093,15.444,15.925,717234.89,11389102.24,64785
1.59296E+12,2020/6/24 0:00,BNB/USDT,16.396,16.666,15.955,16.037,914643.91,14876948.14,67865
1.59287E+12,2020/6/23 0:00,BNB/USDT,16.509,16.568,16.291,16.396,547942.9,8997828.74,54732
1.59278E+12,2020/6/22 0:00,BNB/USDT,15.982,16.573,15.962,16.514,604840.29,9861333.439,52945
1.5927E+12,2020/6/21 0:00,BNB/USDT,16.076,16.335,15.936,15.982,443718.08,7146338.656,39539
1.59261E+12,2020/6/20 0:00,BNB/USDT,15.966,16.151,15.688,16.071,555612.11,8869725.009,56262
1.59252E+12,2020/6/19 0:00,BNB/USDT,16.168,16.306,15.9,15.966,609887.35,9810736.645,69539
1.59244E+12,2020/6/18 0:00,BNB/USDT,16.389,16.55,15.878,16.169,658968.53,10727103.61,61438
1.59235E+12,2020/6/17 0:00,BNB/USDT,16.427,16.66,15.966,16.39,732374.44,11993247.16,65677
1.59227E+12,2020/6/16 0:00,BNB/USDT,16.384,16.65,16.153,16.429,611416.87,10025985.17,59850
1.59218E+12,2020/6/15 0:00,BNB/USDT,16.566,16.606,15.404,16.378,1054648.72,16932572.68,94985
1.59209E+12,2020/6/14 0:00,BNB/USDT,16.809,16.819,16.391,16.566,498068.67,8297051.497,51308
1.59201E+12,2020/6/13 0:00,BNB/USDT,16.645,16.822,16.49,16.807,439411.15,7313419.563,49477
1.59192E+12,2020/6/12 0:00,BNB/USDT,16.234,16.822,16.078,16.643,678208.71,11231908.55,72248
1.59183E+12,2020/6/11 0:00,BNB/USDT,17.414,17.536,15.861,16.231,1058267.51,17779382.21,76855
1.59175E+12,2020/6/10 0:00,BNB/USDT,17.382,17.59,17.175,17.419,584324.54,10157678.47,48902
1.59166E+12,2020/6/9 0:00,BNB/USDT,17.453,17.521,17.01,17.383,492253.86,8522583.153,40375
1.59157E+12,2020/6/8 0:00,BNB/USDT,17.416,17.561,17.25,17.453,484372.68,8431853.932,41053
1.59149E+12,2020/6/7 0:00,BNB/USDT,17.567,17.65,16.87,17.415,972665.27,16863876.2,66649
1.5914E+12,2020/6/6 0:00,BNB/USDT,17.691,17.794,17.5,17.567,713949.46,12594954.01,53250
1.59132E+12,2020/6/5 0:00,BNB/USDT,17.525,17.909,17.44,17.686,1258405.64,22247690.9,80497
1.59123E+12,2020/6/4 0:00,BNB/USDT,17.573,17.658,17.05,17.526,925519.02,16152792.99,77067
1.59114E+12,2020/6/3 0:00,BNB/USDT,17.282,17.621,16.962,17.573,870634.86,15094099.49,77742
1.59106E+12,2020/6/2 0:00,BNB/USDT,17.968,18.228,16.556,17.274,1588636.39,27995999.89,95276
1.59097E+12,2020/6/1 0:00,BNB/USDT,17.098,18.173,16.983,17.956,1316915.19,23044951.96,99770
1.59088E+12,2020/5/31 0:00,BNB/USDT,17.738,18.203,16.854,17.089,1550100.17,27265292.77,114615
1.5908E+12,2020/5/30 0:00,BNB/USDT,17.01,17.8,16.937,17.737,1149486.18,19992151.48,79467
1.59071E+12,2020/5/29 0:00,BNB/USDT,17.09,17.208,16.642,17.016,956578.12,16238398.61,80318
1.59062E+12,2020/5/28 0:00,BNB/USDT,16.481,17.16,16.413,17.092,754792.47,12623258.45,66965
1.59054E+12,2020/5/27 0:00,BNB/USDT,16.214,16.517,16.162,16.481,715038.99,11702867,69645
1.59045E+12,2020/5/26 0:00,BNB/USDT,16.385,16.503,15.972,16.219,861433.7,14012882.66,90601
1.59036E+12,2020/5/25 0:00,BNB/USDT,15.943,16.426,15.789,16.385,1036864.54,16816518.8,106691
1.59028E+12,2020/5/24 0:00,BNB/USDT,16.489,16.803,15.929,15.952,833129.55,13724833.75,75561
1.59019E+12,2020/5/23 0:00,BNB/USDT,16.606,16.866,16.345,16.49,660987.44,10962711.52,63366
1.59011E+12,2020/5/22 0:00,BNB/USDT,16.092,16.924,15.935,16.606,1110318.45,18280802.57,85602
1.59002E+12,2020/5/21 0:00,BNB/USDT,16.891,17.064,15.732,16.097,1410902.92,23113050.38,105177
1.58993E+12,2020/5/20 0:00,BNB/USDT,17.211,17.348,16.45,16.887,1036929.85,17621214.91,79785
1.58985E+12,2020/5/19 0:00,BNB/USDT,16.64,17.25,16.302,17.215,1083398.38,18264651.1,82969
1.58976E+12,2020/5/18 0:00,BNB/USDT,16.294,16.872,16.235,16.638,791209.22,13100507.64,72961
1.58967E+12,2020/5/17 0:00,BNB/USDT,16.06,16.522,16.004,16.293,704263,11491021.14,62079
1.58959E+12,2020/5/16 0:00,BNB/USDT,15.707,16.228,15.577,16.059,738007.81,11825638.76,74577
1.5895E+12,2020/5/15 0:00,BNB/USDT,16.368,16.451,15.542,15.71,1105577.41,17723046.16,96406
1.58941E+12,2020/5/14 0:00,BNB/USDT,16.182,16.693,15.976,16.361,1152546.06,18796855.07,94333
1.58933E+12,2020/5/13 0:00,BNB/USDT,15.756,16.361,15.627,16.177,1107585.56,17737836.91,88014
1.58924E+12,2020/5/12 0:00,BNB/USDT,15.085,16.22,14.966,15.756,1966025.46,30851254.02,119383
1.58916E+12,2020/5/11 0:00,BNB/USDT,15.306,15.522,14.014,15.073,1827284.58,27273093.98,141927
1.58907E+12,2020/5/10 0:00,BNB/USDT,16.763,16.795,13.63,15.309,2530265.21,38225172.91,150942
1.58898E+12,2020/5/9 0:00,BNB/USDT,17.145,17.495,16.754,16.766,1096794.81,18843001.62,73859
1.5889E+12,2020/5/8 0:00,BNB/USDT,16.999,17.4,16.817,17.145,1168733.8,19994367.23,89902
1.58881E+12,2020/5/7 0:00,BNB/USDT,16.388,17.242,16.024,16.997,1291777.28,21583026.79,123423
1.58872E+12,2020/5/6 0:00,BNB/USDT,16.852,17.139,16.35,16.391,1058713.8,17842637.99,106001
1.58864E+12,2020/5/5 0:00,BNB/USDT,16.998,17.294,16.585,16.85,1147397.72,19416037.17,110941
1.58855E+12,2020/5/4 0:00,BNB/USDT,17.081,17.267,16.25,17.003,1525917.37,25582993.11,120891
1.58846E+12,2020/5/3 0:00,BNB/USDT,17.519,17.799,16.771,17.083,1213703.65,20952409.99,104496
1.58838E+12,2020/5/2 0:00,BNB/USDT,17.439,17.568,17.248,17.52,952641.13,16595670.05,89672
1.58829E+12,2020/5/1 0:00,BNB/USDT,16.916,17.856,16.909,17.44,1970326.21,34353980.34,134438
1.5882E+12,2020/4/30 0:00,BNB/USDT,17.327,18.137,16.32,16.928,3117440.2,53689140.54,162944
1.58812E+12,2020/4/29 0:00,BNB/USDT,16.335,17.495,16.294,17.333,2061367.45,34824416.47,115966
1.58803E+12,2020/4/28 0:00,BNB/USDT,16.402,16.465,16.14,16.335,1016776.69,16581599.91,84266
1.58795E+12,2020/4/27 0:00,BNB/USDT,16.348,16.567,16.043,16.414,1340597.08,21847468.92,100232
1.58786E+12,2020/4/26 0:00,BNB/USDT,16.235,16.43,15.952,16.347,1213378.93,19709369.76,95361
1.58777E+12,2020/4/25 0:00,BNB/USDT,15.923,16.449,15.74,16.233,1260384.21,20363758.85,91941
1.58769E+12,2020/4/24 0:00,BNB/USDT,16.055,16.269,15.658,15.93,1552796.52,24871460.71,99064
1.5876E+12,2020/4/23 0:00,BNB/USDT,15.697,16.463,15.379,16.049,2065896.92,32825762.39,120185
1.58751E+12,2020/4/22 0:00,BNB/USDT,15.103,15.823,14.913,15.697,1604788.72,24765776.58,96241
1.58743E+12,2020/4/21 0:00,BNB/USDT,14.924,15.422,14.666,15.113,2440212.54,36799224.32,138692
1.58734E+12,2020/4/20 0:00,BNB/USDT,16.03,16.456,14.775,14.928,2594135.67,40625517.83,146059
1.58725E+12,2020/4/19 0:00,BNB/USDT,16.579,16.669,15.77,16.035,1830505.32,29643710.96,123144
1.58717E+12,2020/4/18 0:00,BNB/USDT,15.61,16.823,15.6,16.58,2281422.62,36848836.92,119970
1.58708E+12,2020/4/17 0:00,BNB/USDT,15.739,15.92,15.139,15.61,2188537.87,34126606.21,123751
1.587E+12,2020/4/16 0:00,BNB/USDT,14.544,15.767,14.069,15.737,3098334.13,46939671.7,153206
1.58691E+12,2020/4/15 0:00,BNB/USDT,15.589,15.811,14.467,14.544,2880471.05,43931002.15,128928
1.58682E+12,2020/4/14 0:00,BNB/USDT,15.001,15.954,14.763,15.593,4569526.7,70685920.91,164826
1.58674E+12,2020/4/13 0:00,BNB/USDT,14.282,15.075,13.5,15,4021749.59,57953460.48,175872
1.58665E+12,2020/4/12 0:00,BNB/USDT,13.812,14.846,13.639,14.287,1590489.3,22778957.89,106132
1.58656E+12,2020/4/11 0:00,BNB/USDT,13.708,14.09,13.519,13.804,1163328.91,16101132.67,97906
1.58648E+12,2020/4/10 0:00,BNB/USDT,15.012,15.082,13.455,13.708,1903505.01,26776139.89,123327
1.58639E+12,2020/4/9 0:00,BNB/USDT,15.102,15.218,14.611,15.013,1257983.36,18891449.79,103792
1.5863E+12,2020/4/8 0:00,BNB/USDT,14.728,15.377,14.567,15.098,1491320.55,22397653.4,106859
1.58622E+12,2020/4/7 0:00,BNB/USDT,15.189,15.512,14.25,14.725,2241051.33,33545982.64,120340
1.58613E+12,2020/4/6 0:00,BNB/USDT,13.696,15.232,13.639,15.189,1945463.95,27936637.46,107697
1.58604E+12,2020/4/5 0:00,BNB/USDT,13.776,13.969,13.411,13.699,1172217.67,16072572.59,82489
1.58596E+12,2020/4/4 0:00,BNB/USDT,13.361,14.051,13.136,13.781,2264887.58,30979831.28,118386
1.58587E+12,2020/4/3 0:00,BNB/USDT,13.015,13.578,12.912,13.359,1364218.69,18072583.66,96950
1.58579E+12,2020/4/2 0:00,BNB/USDT,12.706,13.755,12.5,13.008,1867018.75,24245784.22,111168
1.5857E+12,2020/4/1 0:00,BNB/USDT,12.539,12.748,11.96,12.706,1409144.95,17358637.98,92301
1.58561E+12,2020/3/31 0:00,BNB/USDT,12.128,12.75,12.1,12.536,1326495.93,16573287.88,92230
1.58553E+12,2020/3/30 0:00,BNB/USDT,11.273,12.424,11.225,12.123,1233496.79,14732997.94,98416
1.58544E+12,2020/3/29 0:00,BNB/USDT,12.177,12.228,11.26,11.267,962357.57,11280805.73,77610
1.58535E+12,2020/3/28 0:00,BNB/USDT,12.3,12.348,11.61,12.175,1325113.38,16002677.23,96726
1.58527E+12,2020/3/27 0:00,BNB/USDT,13.201,13.386,12.039,12.317,1496285.83,19357036.05,104808
1.58518E+12,2020/3/26 0:00,BNB/USDT,12.307,13.267,12.1,13.202,1089249.85,13625239.22,96923
1.58509E+12,2020/3/25 0:00,BNB/USDT,12.4,12.708,11.96,12.304,1748919.99,21495480.74,152854
1.58501E+12,2020/3/24 0:00,BNB/USDT,12.174,12.575,11.906,12.404,1739021.07,21313506.46,165775
1.58492E+12,2020/3/23 0:00,BNB/USDT,11.159,12.52,10.765,12.172,2267239.39,26327178.14,185829
1.58484E+12,2020/3/22 0:00,BNB/USDT,12.105,12.483,11.02,11.16,2451920.35,29051868.28,185240
1.58475E+12,2020/3/21 0:00,BNB/USDT,11.912,12.439,11.272,12.101,2299755.97,27346669.2,189455
1.58466E+12,2020/3/20 0:00,BNB/USDT,12.263,13.697,10.307,11.911,3028060.57,37441881.8,188471
1.58458E+12,2020/3/19 0:00,BNB/USDT,10.393,12.699,10.245,12.267,2968162.77,33507998.67,179687
1.58449E+12,2020/3/18 0:00,BNB/USDT,10.237,10.425,9.658,10.392,2128780.82,21568437.49,171060
1.5844E+12,2020/3/17 0:00,BNB/USDT,9.432,10.531,9.326,10.241,2676624.01,27015207.48,185021
1.58432E+12,2020/3/16 0:00,BNB/USDT,10.388,10.404,8.38,9.422,4585965.54,42760749.88,204744
1.58423E+12,2020/3/15 0:00,BNB/USDT,10.14,11.329,9.971,10.393,2073135.23,21690406.85,53543
1.58414E+12,2020/3/14 0:00,BNB/USDT,10.952,11.3,9.875,10.135,2772315.36,29727288.25,65102
1.58406E+12,2020/3/13 0:00,BNB/USDT,9.23,11.708,6.236,10.958,11581062.71,112147222.2,255894
1.58397E+12,2020/3/12 0:00,BNB/USDT,16.591,16.628,8.873,9.277,8451829.08,103182679.2,152925
1.58388E+12,2020/3/11 0:00,BNB/USDT,16.868,17.129,15.423,16.591,2157510.13,35400178.72,45059
1.5838E+12,2020/3/10 0:00,BNB/USDT,16.603,17.45,16.289,16.85,2417921.41,40766807.89,50127
1.58371E+12,2020/3/9 0:00,BNB/USDT,16.886,17.465,15.628,16.589,3446761.01,57190727.58,72988
1.58363E+12,2020/3/8 0:00,BNB/USDT,20.27,20.27,16.715,16.897,2287497.85,42527247.24,47757
1.58354E+12,2020/3/7 0:00,BNB/USDT,21.379,21.5,19.778,20.269,1393981.18,28857996.77,31417
1.58345E+12,2020/3/6 0:00,BNB/USDT,20.75,21.77,20.692,21.379,1659669.26,35201703.51,32558
1.58337E+12,2020/3/5 0:00,BNB/USDT,19.969,21.472,19.965,20.754,1955491.71,40873522.87,37755
1.58328E+12,2020/3/4 0:00,BNB/USDT,19.684,20.273,19.54,19.969,1399024.21,27811026.37,32258
1.58319E+12,2020/3/3 0:00,BNB/USDT,19.901,20.382,19.33,19.685,1607025.05,31699204.01,36819
1.58311E+12,2020/3/2 0:00,BNB/USDT,18.909,20.051,18.768,19.9,1782168.95,34843412.67,44847
1.58302E+12,2020/3/1 0:00,BNB/USDT,19.25,19.913,18.5,18.9,2131016.51,41112605.97,56560
1.58293E+12,2020/2/29 0:00,BNB/USDT,19.001,20.3,18.802,19.257,1734548.17,33787883.52,52757
1.58285E+12,2020/2/28 0:00,BNB/USDT,19.15,19.755,17.92,19.001,1718113.47,32323414.26,57972
1.58276E+12,2020/2/27 0:00,BNB/USDT,18.723,19.635,17.701,19.154,1684886.46,31740165.79,49213
1.58268E+12,2020/2/26 0:00,BNB/USDT,20.345,20.547,17.87,18.729,2294044.51,43683100.68,69449
1.58259E+12,2020/2/25 0:00,BNB/USDT,22.111,22.13,20.139,20.34,1444417.18,30267705.1,52447
1.5825E+12,2020/2/24 0:00,BNB/USDT,22.871,23.288,21.512,22.11,1270055.15,28491561.85,47389
1.58242E+12,2020/2/23 0:00,BNB/USDT,22.007,22.997,21.977,22.868,1007250.63,22824378.56,32434
1.58233E+12,2020/2/22 0:00,BNB/USDT,22.221,22.374,21.51,22.008,736112.42,16187652.61,29566
1.58224E+12,2020/2/21 0:00,BNB/USDT,22.172,22.933,21.815,22.209,972969.37,21692224.81,36824
1.58216E+12,2020/2/20 0:00,BNB/USDT,22.362,22.723,21,22.191,1244980.04,27328018.76,45338
1.58207E+12,2020/2/19 0:00,BNB/USDT,24.107,24.392,21.391,22.367,1411342.31,33379978.35,44960
1.58198E+12,2020/2/18 0:00,BNB/USDT,23.462,24.519,22.726,24.094,1293664.26,30546919.66,46710
1.5819E+12,2020/2/17 0:00,BNB/USDT,23.355,23.623,21.519,23.452,2036473.78,45872599.54,73281
1.58181E+12,2020/2/16 0:00,BNB/USDT,24.225,25.302,21.78,23.389,1775025.82,42055798.36,59544
1.58172E+12,2020/2/15 0:00,BNB/USDT,26.373,26.6,23.25,24.239,1601280.92,40571935.4,45517
1.58164E+12,2020/2/14 0:00,BNB/USDT,25.455,26.697,25.043,26.384,1271237.03,32817983.43,48905
1.58155E+12,2020/2/13 0:00,BNB/USDT,26.452,27.397,24.58,25.456,1451755.42,37507469.18,53369
1.58147E+12,2020/2/12 0:00,BNB/USDT,25.705,26.98,25.347,26.451,1311285.47,33885164.31,43964
1.58138E+12,2020/2/11 0:00,BNB/USDT,25.19,25.864,24.25,25.705,1783061.99,44622788.19,48228
1.58129E+12,2020/2/10 0:00,BNB/USDT,25.07,25.907,24.031,25.189,1405091.86,35276132.05,37889
